"Question","Question Type","Answer Option 1","Explanation 1","Answer Option 2","Explanation 2","Answer Option 3","Explanation 3","Answer Option 4","Explanation 4","Answer Option 5","Explanation 5","Answer Option 6","Explanation 6","Correct Answers","Overall Explanation","Domain"
"Une Équipe Agile évite de signaler un risque d’intégration parce que cela pourrait révéler une erreur antérieure. Quelle valeur de Scrum le Scrum Master devrait-il renforcer ? (An Agile Team avoids raising an integration risk because it may expose an earlier mistake. Which Scrum value should the Scrum Master reinforce?)","multiple-choice","Courage. (Courage.)","Le courage permet aux membres de l’équipe de révéler des faits et des risques difficiles, même lorsque cela est inconfortable.","Ouverture. (Openness.)","L’ouverture favorise le partage de l’information, mais l’obstacle immédiat dans ce scénario est la peur de révéler une erreur.","Concentration. (Focus.)","La concentration oriente l’attention vers les Objectifs d’Itération, mais ne traite pas directement la peur de s’exprimer.","Engagement. (Commitment.)","L’engagement favorise la prise en charge des objectifs, mais ne suffit pas à lui seul à surmonter la réticence à révéler un risque.","","","","","1","L’équipe a besoin de courage pour rendre le risque d’intégration visible avant qu’il ne menace la livraison. La transparence dépend de la volonté des personnes de révéler des informations gênantes plutôt que de se protéger. <i>Les trois piliers de Scrum, la transparence, l’inspection et l’adaptation, soutiennent les valeurs de Scrum.</i><br><a href='https://framework.scaledagile.com/scrum-master-team-coach/' target='_blank'>Source</a>","Leçon 1 : Introduction à Scrum dans SAFe"
"Quelle est une pratique recommandée pour préparer une Équipe Agile à présenter son projet de plan pendant le PI Planning ? (What is one recommended practice when preparing an Agile Team to present its draft plan during PI Planning?)","multiple-choice","Confirmer qui présentera les objectifs, les risques et les dépendances. (Confirm who will explain the objectives, risks, and dependencies.)","Cela donne à la présentation une structure claire et garantit que les informations essentielles de planification sont communiquées.","Demander au Product Owner de présenter seul l’intégralité du plan. (Ask the Product Owner to present the entire plan alone.)","Le projet de plan représente le plan de l’Équipe Agile ; la participation ne doit donc pas être entièrement transférée au Product Owner.","Finaliser chaque Récit avant le début de la revue du projet de plan. (Finalize every Story before the draft plan review begins.)","Le plan est encore provisoire et ne nécessite pas que chaque Récit soit entièrement défini.","Attendre la revue de management pour discuter des dépendances. (Wait until the management review to discuss dependencies.)","Les dépendances doivent être exposées pendant les sessions de travail des équipes et la revue du projet de plan afin d’être traitées au plus tôt.","","","","","1","Le Scrum Master doit aider l’équipe à préparer une présentation concise de ses Objectifs de PI provisoires, de ses risques et de ses dépendances. <i>Les équipes présentent leurs projets de plans, leurs risques et leurs obstacles.</i><br><a href='https://framework.scaledagile.com/pi-planning/' target='_blank'>Source</a>","Leçon 3 : Pratiquer le PI Planning"
"Quelle pratique fournit aux développeurs un retour immédiat de leurs pairs pendant le codage ? (Which practice gives developers immediate peer feedback while coding?)","multiple-choice","Programmation en binôme. (Pair programming.)","La programmation en binôme permet à deux développeurs de revoir en continu les décisions et le code tout en travaillant ensemble.","Affinement du Backlog. (Backlog refinement.)","L’affinement du Backlog prépare les futurs Récits, mais ne fournit pas de retour continu pendant le codage.","Démonstration Système. (System Demo.)","La Démonstration Système évalue le travail intégré après le développement plutôt que pendant le codage.","Allocation de capacité. (Capacity allocation.)","L’allocation de capacité réserve des efforts à différents types de travaux, mais ce n’est pas une pratique de développement.","","","","","1","La programmation en binôme améliore la collaboration, le partage des connaissances et la qualité en fournissant un retour immédiat pendant la création du code. <i>Travail en binôme et revues par les pairs.</i><br><a href='https://framework.scaledagile.com/built-in-quality/' target='_blank'>Source</a>","Leçon 1 : Introduction à Scrum dans SAFe"
"Au cours de quel événement de l’Équipe Agile les prochains Récits sont-ils clarifiés et estimés relativement ? (During which Agile Team event are upcoming Stories clarified and relatively sized?)","multiple-choice","Affinement du Backlog. (Backlog Refinement.)","L’Affinement du Backlog aide l’équipe à clarifier, découper et estimer les Récits avant leur sélection pour une Itération.","Planification d’Itération. (Iteration Planning.)","La Planification d’Itération sélectionne des Récits préparés et établit les Objectifs d’Itération, plutôt que d’effectuer la majeure partie de l’affinement initial.","Team Sync. (Team Sync.)","Le Team Sync coordonne la progression quotidienne vers les Objectifs d’Itération plutôt que d’estimer les futurs Récits.","Revue d’Itération. (Iteration Review.)","La Revue d’Itération présente le travail terminé et recueille les retours des parties prenantes.","","","","","1","L’Affinement du Backlog prépare les futurs Récits pour la Planification d’Itération en améliorant leurs détails, leurs critères d’acceptation et leurs estimations relatives. <i>L’équipe prépare les exigences de la Planification d’Itération.</i><br><a href='https://framework.scaledagile.com/team-backlog/' target='_blank'>Source</a>","Leçon 4 : Faciliter l’Exécution d’Itération"
"Que doivent faire les équipes avant d’analyser les causes dans l’atelier de résolution de problèmes ? (What should teams do before analyzing causes in the problem-solving workshop?)","multiple-choice","S’accorder sur le problème à résoudre. (Agree on the problem to solve.)","Un énoncé clair du problème donne aux participants un objectif commun pour l’analyse.","Identifier la cause racine la plus importante. (Identify the biggest root cause.)","La cause racine la plus importante ne peut pas être sélectionnée avant l’analyse des causes potentielles.","Réfléchir à des solutions possibles. (Brainstorm possible solutions.)","Les solutions ne sont générées qu’après avoir compris le problème et sa cause racine.","Créer des éléments d’amélioration dans le Backlog. (Create improvement backlog items.)","Les éléments d’amélioration du Backlog sont créés vers la fin de l’atelier.","","","","","1","L’atelier commence par l’établissement d’une description claire et partagée du problème. Commencer trop tôt par les causes ou les solutions peut orienter l’équipe vers une contre-mesure inadaptée. <i>S’accorder sur le problème à résoudre.</i><br><a href='https://framework.scaledagile.com/inspect-and-adapt/' target='_blank'>Source</a>","Leçon 5 : Terminer le PI"
"L’Équipe A termine régulièrement le travail prévu sur les Fonctionnalités pendant l’Itération IP. Quelle occasion l’équipe risque-t-elle de perdre ? (Team A repeatedly finishes planned Feature work during the IP Iteration. Which opportunity may the team lose?)","multiple-choice","Participer à un hackathon d’innovation. (Participating in an innovation hackathon.)","Les hackathons offrent aux membres de l’équipe un temps dédié pour explorer des idées, expérimenter et apprendre en dehors du travail de livraison habituel.","Affiner les Récits pour l’Itération suivante. (Refining Stories for the next Iteration.)","L’Affinement du Backlog peut avoir lieu tout au long du PI et ne constitue pas l’occasion principale qui est perdue.","Attribuer une valeur métier aux Objectifs de PI. (Assigning business value to PI Objectives.)","Les Business Owners attribuent la valeur métier pendant le PI Planning, et non pendant les activités d’innovation.","Examiner la progression pendant le Team Sync. (Reviewing progress during Team Sync.)","Le Team Sync a lieu tout au long de l’Exécution d’Itération et n’est pas propre à l’Itération IP.","","","","","1","Utiliser chaque Itération IP pour terminer un périmètre inachevé supprime le temps prévu pour l’innovation et l’expérimentation. Les hackathons peuvent générer de nouvelles idées, améliorer les compétences et accroître l’engagement. <i>L’équipe peut participer à des hackathons.</i><br><a href='https://framework.scaledagile.com/innovation-and-planning-iteration/' target='_blank'>Source</a>","Leçon 5 : Terminer le PI"
"Qu’encourage principalement le C de CALMR entre le développement et les opérations ? (What does the C in CALMR primarily encourage across development and operations?)","multiple-choice","Une responsabilité partagée de la livraison. (Shared responsibility for delivery.)","La culture aligne les personnes autour d’une responsabilité commune concernant la livraison de valeur, la fiabilité et les résultats.","Une responsabilité distincte pour chaque fonction. (Separate accountability for each function.)","Une responsabilité distincte maintient les silos et augmente les transferts entre le développement et les opérations.","Une approbation centralisée de chaque mise en production. (Centralized approval of every release.)","Les étapes d’approbation peuvent contrôler les mises en production, mais elles ne créent pas de responsabilité partagée.","Des compétences techniques identiques pour tous les rôles. (Identical technical skills across all roles.)","CALMR favorise la collaboration, et non une expertise identique.","","","","","1","Dans CALMR, la Culture réduit les tensions en remplaçant les objectifs en silos par une responsabilité partagée de la livraison et des résultats opérationnels. <i>En créant une culture de responsabilité partagée.</i><br><a href='https://framework.scaledagile.com/calmr/' target='_blank'>Source</a>","Leçon 6 : Appliquer SAFe"
"Quel est l’un des avantages de planification liés au classement d’un Objectif de PI comme non engagé ? (What is one planning benefit of classifying a PI Objective as uncommitted?)","multiple-choice","Cela rend l’engagement de l’équipe plus fiable. (It makes the team's commitment more reliable.)","Retirer les résultats incertains de l’engagement augmente la confiance dans l’atteinte des objectifs engagés.","Cela retire l’objectif de la capacité planifiée. (It removes the objective from planned capacity.)","Les objectifs non engagés restent inclus dans la charge de travail planifiée de l’équipe.","Cela garantit que l’objectif sera atteint. (It guarantees the objective will be completed.)","Le statut non engagé reconnaît l’incertitude et ne garantit pas l’achèvement.","Cela reporte l’objectif au PI suivant. (It postpones the objective to the next PI.)","L’objectif reste planifié pour le PI en cours au lieu d’être automatiquement reporté.","","","","","1","Les objectifs non engagés protègent la fiabilité de l’engagement de l’équipe tout en conservant le travail incertain dans le plan du PI. <i>Ils ne sont pas inclus dans l’engagement, ce qui le rend plus fiable.</i><br><a href='https://framework.scaledagile.com/pi-objectives/' target='_blank'>Source</a>","Leçon 3 : Pratiquer le PI Planning"
"Quel élément de CALMR aide les équipes à réduire les files d’attente et la taille des lots ? (Which CALMR element helps teams reduce queues and batch sizes?)","multiple-choice","Flux Lean. (Lean flow.)","Le flux Lean accélère la livraison en réduisant les délais, les files d’attente et les grands lots de travail.","Mesure. (Measurement.)","La mesure fournit des données sur la livraison, mais ne réduit pas directement la taille des lots.","Automatisation. (Automation.)","L’automatisation supprime des étapes manuelles, mais ne limite pas à elle seule les files d’attente.","Récupération. (Recovery.)","La récupération permet un rétablissement rapide après les défaillances plutôt que de réduire les lots de travail.","","","","","1","Le flux Lean améliore la vitesse de livraison en limitant le travail en cours, en réduisant la taille des lots et en raccourcissant les cycles de retour. <i>Le flux Lean accélère la livraison.</i><br><a href='https://framework.scaledagile.com/calmr/' target='_blank'>Source</a>","Leçon 6 : Appliquer SAFe"
"Quel est l’un des résultats d’un événement de Planification d’Itération réussi ? (What is one outcome of a successful Iteration Planning event?)","multiple-choice","Des Objectifs d’Itération partagés. (Shared Iteration Goals.)","Les Objectifs d’Itération alignent les membres de l’équipe autour des résultats qu’ils souhaitent atteindre.","Des Objectifs de PI approuvés. (Approved PI Objectives.)","Les Objectifs de PI sont établis pendant le PI Planning, et non pendant la Planification d’Itération.","Des Fonctionnalités d’amélioration mises à jour. (Updated improvement Features.)","Les Fonctionnalités d’amélioration sont généralement créées pendant Inspect & Adapt.","Des scores définitifs de valeur métier. (Final business value scores.)","Les Business Owners attribuent une valeur métier aux Objectifs de PI pendant le PI Planning.","","","","","1","La Planification d’Itération aligne l’Équipe Agile en créant des Objectifs d’Itération partagés et un plan réaliste pour les atteindre. <i>L’équipe s’engage sur un ensemble d’objectifs à livrer pendant l’Itération.</i><br><a href='https://framework.scaledagile.com/iteration-planning/' target='_blank'>Source</a>","Leçon 4 : Faciliter l’Exécution d’Itération"
"Quelle responsabilité appartient au rôle de Scrum Master/Team Coach ? (Which responsibility belongs to the Scrum Master/Team Coach role?)","multiple-choice","Améliorer le Flux. (Improve Flow.)","Le Scrum Master aide l’équipe à identifier les retards, les goulots d’étranglement et les pratiques qui améliorent le flux de valeur.","Prioriser le Backlog de l’Équipe. (Prioritize the Team Backlog.)","Le Product Owner est responsable du Backlog de l’Équipe et de sa priorisation.","Attribuer la valeur métier. (Assign business value.)","Les Business Owners attribuent la valeur métier aux Objectifs de PI pendant le PI Planning.","Gérer le Backlog de l’ART. (Manage the ART Backlog.)","Le Product Management gère et priorise le Backlog de l’ART.","","","","","1","L’amélioration du Flux est l’une des cinq responsabilités principales représentées sur la roue des responsabilités du Scrum Master/Team Coach. <i>Améliorer le Flux.</i><br><a href='https://framework.scaledagile.com/scrum-master-team-coach/' target='_blank'>Source</a>","Leçon 2 : Définir le rôle du Scrum Master"
"Quelle pratique aide un Scrum Master à terminer efficacement une réunion ? (Which practice helps a Scrum Master end a meeting effectively?)","multiple-choice","Confirmer des actions clairement définies. (Confirm clear action items.)","Des actions clairement définies transforment la discussion en engagements visibles et en travail de suivi.","Prolonger la réunion jusqu’à ce que chaque problème soit résolu. (Extend the meeting until every issue is solved.)","Prolonger la réunion ne respecte pas la durée limitée et peut réduire la participation et la concentration.","Laisser le Product Owner attribuer toutes les actions. (Let the Product Owner assign all actions.)","Les actions issues de la réunion doivent refléter une responsabilité partagée plutôt qu’être attribuées par un seul rôle.","Planifier une autre réunion avant de résumer. (Schedule another meeting before summarizing.)","Une réunion de suivi ne remplace pas le résumé des décisions et des actions de la réunion en cours.","","","","","1","Les réunions réussies doivent se terminer par des actions concrètes, des responsables clairement identifiés et une compréhension partagée de la suite. <i>Repartez avec des éléments d’action concrets.</i><br><a href='https://framework.scaledagile.com/scrum-master-team-coach/' target='_blank'>Source</a>","Leçon 2 : Définir le rôle du Scrum Master"
"Quel comportement est caractéristique d’un servant leader ? (Which behavior is characteristic of a servant leader?)","multiple-choice","Persuader plutôt que diriger. (Persuading rather than directing.)","Les servant leaders influencent les personnes par le raisonnement et le coaching plutôt qu’en s’appuyant sur une autorité hiérarchique.","Attribuer quotidiennement des tâches aux individus. (Assigning daily tasks to individuals.)","Les Équipes Agiles autogèrent leur travail au lieu de recevoir des affectations quotidiennes du servant leader.","Prendre les décisions à la place de l’équipe. (Making decisions for the team.)","Le servant leader facilite la prise de décision de l’équipe au lieu de s’y substituer.","Protéger l’équipe des informations difficiles. (Shielding the team from difficult information.)","Les servant leaders favorisent la transparence plutôt que de retenir des informations susceptibles d’affecter l’équipe.","","","","","1","Un servant leader guide les personnes par la persuasion et les aide à prendre leurs propres décisions éclairées. L’autorité n’est pas utilisée comme principal moyen d’influence. <i>Fait preuve de persuasion plutôt que d’autorité.</i><br><a href='https://framework.scaledagile.com/scrum-master-team-coach/' target='_blank'>Source</a>","Leçon 2 : Définir le rôle du Scrum Master"
"L’Équipe B utilise chaque Itération IP pour terminer des Fonctionnalités incomplètes. Quelle occasion les membres de l’équipe risquent-ils de perdre ? (Team B uses each IP Iteration to finish incomplete Features. What opportunity might team members lose?)","multiple-choice","Apprendre les uns des autres. (Learning from one another.)","L’apprentissage collaboratif permet aux membres de l’équipe d’échanger des connaissances et de développer des compétences plus larges.","Améliorer les scores de valeur métier. (Improving business value scores.)","Les Business Owners évaluent les Objectifs de PI indépendamment de la manière dont l’équipe utilise l’Itération IP.","Augmenter la capacité planifiée. (Increasing planned capacity.)","Utiliser l’Itération IP pour du travail inachevé n’augmente pas la capacité réelle de l’équipe.","Réduire toutes les dépendances. (Reducing all dependencies.)","Réaliser du travail supplémentaire ne supprime pas automatiquement les dépendances entre équipes.","","","","","1","Prolonger continuellement la livraison de Fonctionnalités pendant l’Itération IP réduit le temps disponible pour l’apprentissage collaboratif et le développement des compétences. <i>Apprendre les uns des autres.</i><br><a href='https://framework.scaledagile.com/innovation-and-planning-iteration/' target='_blank'>Source</a>","Leçon 5 : Terminer le PI"
"Quelle est une façon pour un Scrum Master de soutenir une Équipe Agile ? (What is one way a Scrum Master supports an Agile Team?)","multiple-choice","Améliorer le flux de valeur. (Improving the flow of value.)","Le Scrum Master aide à révéler les retards, les goulots d’étranglement et l’excès de travail en cours.","Prioriser le Backlog de l’Équipe. (Prioritizing the Team Backlog.)","Le Product Owner est responsable de la priorisation du Backlog de l’Équipe.","Approuver les Récits terminés. (Approving completed Stories.)","L’Équipe Agile détermine si les Récits respectent la Definition of Done.","Attribuer le travail aux développeurs. (Assigning work to developers.)","Les Équipes Agiles organisent et gèrent leur propre travail.","","","","","1","Le Scrum Master aide l’équipe à améliorer la manière dont la valeur circule dans son flux de travail en identifiant les obstacles et en encourageant de meilleures pratiques de flux. <i>Améliorer le Flux.</i><br><a href='https://framework.scaledagile.com/scrum-master-team-coach/' target='_blank'>Source</a>","Leçon 2 : Définir le rôle du Scrum Master"
"L’Équipe A teste une nouvelle approche d’automatisation, mais l’expérience échoue. Pendant la rétrospective, les membres discutent ouvertement de ce qu’ils ont appris sans blâmer personne. Quelle caractéristique d’une Équipe Agile performante démontrent-ils ? (Team A tests a new automation approach, but the experiment fails. During the retrospective, members openly discuss what they learned without blaming anyone. Which characteristic of a high-performing Agile Team are they demonstrating?)","multiple-choice","Prendre des risques sans craindre de sanction. (Taking risks without fear of punishment.)","L’équipe considère l’échec comme une occasion d’apprendre et crée une sécurité psychologique propice à l’expérimentation.","Privilégier la réussite plutôt que l’évitement de l’échec. (Focusing on success over avoiding failure.)","Cela encourage l’expérimentation, mais le scénario démontre surtout la sécurité ressentie lors de la discussion d’un échec.","Équilibrer les compétences avec un travail stimulant. (Balancing skills with challenging work.)","Cela concerne l’adéquation entre les capacités de l’équipe et la difficulté du travail.","Maintenir des buts et des objectifs clairs. (Maintaining clear goals and objectives.)","Des objectifs clairs guident l’équipe, mais n’expliquent pas sa réaction sans reproche face à l’échec.","","","","","1","Les équipes performantes créent un environnement dans lequel les membres peuvent expérimenter, échouer et partager les enseignements sans embarras ni sanction. Cette sécurité psychologique favorise l’apprentissage et l’innovation. <i>Favoriser un environnement permettant de prendre des risques sans crainte d’embarras ou de sanction.</i><br><a href='https://framework.scaledagile.com/agile-teams/' target='_blank'>Source</a>","Leçon 2 : Définir le rôle du Scrum Master"
"Quel est l’un des avantages de réserver une Itération IP à la fin de chaque PI ? (What is one benefit of reserving an IP Iteration at the end of each PI?)","multiple-choice","Cela crée un temps dédié à l’innovation. (It creates dedicated time for innovation.)","Les équipes peuvent explorer des idées et des expérimentations sans être directement en concurrence avec le travail de livraison habituel.","Cela augmente la capacité engagée de l’équipe. (It increases the team's committed capacity.)","L’Itération IP ne constitue pas une capacité supplémentaire permettant d’engager davantage de travail sur les Fonctionnalités.","Cela garantit l’atteinte de tous les Objectifs de PI. (It guarantees all PI Objectives are achieved.)","L’Itération IP réduit le risque de planification, mais ne peut pas garantir l’atteinte des objectifs.","Cela remplace la dernière Démonstration Système. (It replaces the final System Demo.)","Les Démonstrations Système restent nécessaires pour inspecter la solution intégrée.","","","","","1","L’Itération IP protège du temps pour des activités que la pression habituelle de livraison pourrait autrement écarter, notamment l’innovation et l’expérimentation. <i>L’équipe peut participer à des hackathons.</i><br><a href='https://framework.scaledagile.com/innovation-and-planning-iteration/' target='_blank'>Source</a>","Leçon 5 : Terminer le PI"
"Quel trait du Scrum Master aide les membres de l’équipe à se sentir compris avant de recevoir du coaching ? (Which Scrum Master trait helps team members feel understood before receiving coaching?)","multiple-choice","Empathie. (Empathy.)","L’empathie aide le Scrum Master à comprendre le point de vue des membres de l’équipe et à répondre à leur situation.","Optimisme. (Optimism.)","L’optimisme peut encourager l’équipe, mais ne garantit pas que les perspectives individuelles soient comprises.","Assertivité. (Assertiveness.)","L’assertivité favorise une communication claire, mais peut donner au coaching une impression trop directive.","Cohérence. (Consistency.)","La cohérence renforce la prévisibilité, mais ne crée pas à elle seule une compréhension personnelle.","","","","","1","Un coaching efficace commence par la compréhension des personnes accompagnées. L’empathie renforce la confiance et rend les membres de l’équipe plus réceptifs aux conseils. <i>Comprend ses interlocuteurs et fait preuve d’empathie.</i><br><a href='https://framework.scaledagile.com/scrum-master-team-coach/' target='_blank'>Source</a>","Leçon 2 : Définir le rôle du Scrum Master"
"Quelle situation peut rendre les Team Sync régulièrement inefficaces ? (Which condition can cause consistently ineffective Team Syncs?)","multiple-choice","Une mauvaise collaboration pendant l’Itération. (Poor collaboration during the Iteration.)","Une collaboration insuffisante empêche les membres de comprendre et de coordonner le travail des autres.","Une intégration fréquente pendant l’Itération. (Frequent integration during the Iteration.)","Une intégration fréquente améliore la visibilité et révèle les problèmes plus tôt.","Des désaccords sains au sein de l’équipe. (Healthy disagreement within the team.)","Les désaccords constructifs peuvent améliorer les décisions et n’affaiblissent pas intrinsèquement les Team Sync.","Une responsabilité collective claire. (Clear collective ownership.)","La responsabilité collective améliore la coordination et la responsabilisation.","","","","","1","Des Team Sync inefficaces peuvent révéler des problèmes de collaboration présents tout au long de l’Itération plutôt qu’un simple problème de facilitation de réunion. <i>Mauvaise collaboration des membres de l’équipe pendant l’Itération.</i><br><a href='https://framework.scaledagile.com/iteration-execution/' target='_blank'>Source</a>","Leçon 4 : Faciliter l’Exécution d’Itération"
"Quel comportement constitue un anti-pattern de la Rétrospective d’Itération ? (Which behavior is an Iteration Retrospective anti-pattern?)","multiple-choice","Discuter uniquement de problèmes échappant au contrôle de l’équipe. (Discussing only issues outside the team's control.)","Ces problèmes ne peuvent pas directement produire des actions d’amélioration que l’équipe peut mettre en œuvre.","Sélectionner une amélioration mesurable. (Selecting one measurable improvement.)","Une amélioration mesurable fournit à l’équipe une action concrète à tester pendant l’Itération suivante.","Examiner les actions d’amélioration précédentes. (Reviewing previous improvement actions.)","L’examen des actions antérieures aide l’équipe à déterminer si ses changements ont été efficaces.","Analyser les éléments factuels de l’Itération. (Examining evidence from the Iteration.)","Les éléments factuels aident l’équipe à inspecter son processus et à identifier des possibilités d’amélioration pertinentes.","","","","","1","Une Rétrospective d’Itération doit déboucher sur des changements que l’équipe peut influencer et mettre en œuvre. Se concentrer uniquement sur des problèmes externes empêche l’équipe d’agir de manière significative. <i>L’équipe ne soulève que des problèmes qu’elle ne peut pas traiter.</i><br><a href='https://framework.scaledagile.com/iteration-retrospective/' target='_blank'>Source</a>","Leçon 4 : Faciliter l’Exécution d’Itération"
"Comment un Scrum Master peut-il aider une équipe à résoudre un problème de conception sans réduire son sentiment de responsabilité ? (How can a Scrum Master help a team resolve a design issue without reducing ownership?)","multiple-choice","Faciliter une discussion ciblée sur la conception. (Facilitate a focused design discussion.)","La facilitation aide l’équipe à examiner les options et à prendre sa propre décision technique.","Sélectionner l’option de conception la plus sûre. (Select the safest design option.)","Choisir la solution transfère la responsabilité de la décision de l’équipe vers le Scrum Master.","Demander à l’architecte d’approuver la conception. (Ask the architect to approve the design.)","Les conseils architecturaux peuvent être utiles, mais l’approbation ne doit pas remplacer la résolution du problème par l’équipe.","Attribuer le problème au développeur senior. (Assign the issue to the senior developer.)","Une attribution individuelle réduit la responsabilité collective dans la résolution du problème.","","","","","1","Le Scrum Master peut organiser et faciliter la discussion tout en laissant la décision technique à l’équipe. <i>Cherche à aider sans minimiser l’engagement des autres.</i><br><a href='https://framework.scaledagile.com/scrum-master-team-coach/' target='_blank'>Source</a>","Leçon 2 : Définir le rôle du Scrum Master"
"Quel est l’un des avantages de démontrer le système intégré à chaque Itération ? (What is one benefit of demonstrating the integrated system every Iteration?)","multiple-choice","Les parties prenantes peuvent fournir un retour rapide. (Stakeholders can provide timely feedback.)","Des démonstrations fréquentes permettent aux parties prenantes d’inspecter les fonctionnalités opérationnelles et de fournir un retour tant que des ajustements restent possibles.","Les équipes peuvent remplacer les Revues d’Itération. (Teams can replace Iteration Reviews.)","La Démonstration Système complète les Revues d’Itération réalisées par chaque équipe, mais ne les remplace pas.","Le Product Management peut approuver chaque Récit. (Product Management can approve every Story.)","Les Récits sont acceptés au niveau de l’équipe et ne sont pas approuvés individuellement par le Product Management pendant la Démonstration Système.","L’ART peut éliminer tout futur travail d’intégration. (The ART can eliminate all future integration work.)","Les démonstrations régulières révèlent les besoins d’intégration, mais ne suppriment pas la nécessité d’une intégration continue.","","","","","1","Les Démonstrations Système régulières créent un cycle de retour rapide en présentant les fonctionnalités intégrées aux parties prenantes tout au long du PI. <i>La Démonstration Système démontre la valeur à chaque Itération.</i><br><a href='https://framework.scaledagile.com/system-demo/' target='_blank'>Source</a>","Leçon 4 : Faciliter l’Exécution d’Itération"
"Quels représentants métier doivent participer à la Démonstration Système du PI ? (Which business representatives should attend the PI System Demo?)","multiple-choice","Les Business Owners. (Business Owners.)","Les Business Owners participent afin d’examiner la Solution et de comparer les résultats aux résultats métier attendus.","Les Epic Owners. (Epic Owners.)","Les Epic Owners gèrent les Epics, mais ne sont pas spécifiquement mentionnés comme participants obligatoires.","Les membres du conseil d’administration. (Board Members.)","Les membres du conseil d’administration ne sont pas identifiés comme participants habituels à la Démonstration Système du PI.","Le Portfolio Management. (Portfolio Management.)","Le Portfolio Management n’est pas spécifiquement mentionné parmi les participants attendus.","","","","","1","Les Business Owners sont des participants importants, car ils fournissent le contexte métier et évaluent la valeur obtenue pendant le PI. <i>Participent les Business Owners, les parties prenantes, le Product Management, le RTE, les Scrum Masters et les équipes.</i><br><a href='https://framework.scaledagile.com/inspect-and-adapt/' target='_blank'>Source</a>","Leçon 5 : Terminer le PI"
"Quel est l’un des résultats d’un Affinement du Backlog efficace ? (What is one outcome of effective Backlog Refinement?)","multiple-choice","Les Récits sont prêts pour la Planification d’Itération. (Stories are ready for Iteration Planning.)","L’affinement donne à l’équipe une compréhension suffisante pour examiner les futurs Récits pendant la Planification d’Itération.","Les Objectifs d’Itération sont officiellement acceptés. (Iteration Goals are formally accepted.)","Les Objectifs d’Itération sont établis pendant la Planification d’Itération, et non pendant l’Affinement du Backlog.","Les Récits terminés sont démontrés. (Completed Stories are demonstrated.)","Le travail terminé est démontré pendant la Revue d’Itération.","Les risques du PI sont classés selon ROAM. (PI risks are categorized using ROAM.)","Les risques au niveau de l’ART sont généralement traités pendant le PI Planning.","","","","","1","L’Affinement du Backlog prépare les futurs Récits en améliorant leur clarté, leurs estimations et leurs critères d’acceptation avant la Planification d’Itération. <i>L’équipe prépare les exigences de la Planification d’Itération.</i><br><a href='https://framework.scaledagile.com/team-backlog/' target='_blank'>Source</a>","Leçon 4 : Faciliter l’Exécution d’Itération"
"Comment les Objectifs d’Itération aident-ils une Équipe Agile ? (How do Iteration Goals help an Agile Team?)","multiple-choice","Ils alignent l’équipe autour de résultats partagés. (They align the team around shared outcomes.)","Des résultats partagés donnent aux membres de l’équipe une direction commune pendant l’Itération.","Ils répertorient chaque Récit qui doit être terminé. (They list every Story that must be completed.)","Les Objectifs d’Itération résument les résultats attendus plutôt que de garantir l’achèvement de chaque Récit.","Ils attribuent le travail individuel aux membres de l’équipe. (They assign individual work to team members.)","L’Équipe Agile autogère la répartition du travail pendant l’exécution.","Ils déterminent la valeur des Objectifs de PI. (They determine the value of PI Objectives.)","Les Business Owners attribuent la valeur métier aux Objectifs de PI pendant le PI Planning.","","","","","1","Les Objectifs d’Itération alignent les membres de l’équipe autour des résultats qu’ils souhaitent atteindre pendant l’Itération. Ils créent un objectif commun sans imposer que chaque Récit planifié reste inchangé. <i>L’équipe s’engage en faveur d’un ensemble d’objectifs à atteindre durant l’Itération.</i><br><a href='https://framework.scaledagile.com/iteration-planning/' target='_blank'>Source</a>","Leçon 4 : Faciliter l’Exécution d’Itération"
"Quelle action aide un Scrum Master à soutenir l’Exécution d’Itération ? (Which action helps a Scrum Master support Iteration Execution?)","multiple-choice","Faciliter les événements de l’Équipe Agile. (Facilitate Agile Team events.)","La facilitation des événements de l’équipe aide les membres à coordonner le travail, à inspecter la progression et à adapter leur plan.","Prioriser le Backlog de l’Équipe. (Prioritize the Team Backlog.)","Le Product Owner priorise le Backlog de l’Équipe, et non le Scrum Master.","Attribuer les Récits aux développeurs. (Assign Stories to developers.)","L’Équipe Agile autogère la répartition du travail entre ses membres.","Approuver les Récits terminés. (Approve completed Stories.)","L’équipe détermine si les Récits respectent la Definition of Done convenue.","","","","","1","Le Scrum Master soutient l’Exécution d’Itération en facilitant des événements d’équipe efficaces et en aidant l’équipe à progresser vers ses objectifs. <i>Soutenir l’Exécution d’Itération.</i><br><a href='https://framework.scaledagile.com/scrum-master-team-coach/' target='_blank'>Source</a>","Leçon 4 : Faciliter l’Exécution d’Itération"
"Quelle pratique aide les Équipes Agiles à recueillir des retours sur des fonctionnalités opérationnelles ? (Which practice helps Agile Teams gather feedback on working functionality?)","multiple-choice","Des démonstrations fréquentes. (Frequent demonstrations.)","Des démonstrations fréquentes rendent les fonctionnalités opérationnelles visibles et permettent d’obtenir rapidement les retours des parties prenantes.","De longues phases de conception. (Long design phases.)","De longues phases de conception retardent les résultats opérationnels et repoussent les retours utiles.","La responsabilité individuelle des tâches. (Individual task ownership.)","La responsabilité individuelle peut créer de la spécialisation, mais ne fournit pas de retour sur des fonctionnalités opérationnelles.","Des revues par jalons de phase. (Phase-gate reviews.)","Les revues par jalons de phase inspectent le travail à des étapes peu fréquentes plutôt qu’en continu.","","","","","1","Des démonstrations fréquentes créent de courts cycles de retour et permettent à l’équipe d’adapter la solution en fonction d’éléments factuels. <i>Démos fréquentes.</i><br><a href='https://framework.scaledagile.com/built-in-quality/' target='_blank'>Source</a>","Leçon 1 : Introduction à Scrum dans SAFe"
"Comment un Scrum Master peut-il réduire la peur du désaccord au sein d’une équipe ? (How can a Scrum Master reduce a team's fear of disagreement?)","multiple-choice","Inviter chaque membre de l’équipe à contribuer. (Invite every team member to contribute.)","Une participation inclusive crée un climat sûr permettant d’exprimer des perspectives et des préoccupations différentes.","Transmettre les désaccords au RTE. (Escalate disagreements to the RTE.)","Transmettre un conflit normal de l’équipe empêche celle-ci de développer ses propres compétences de résolution des conflits.","Limiter la discussion aux faits établis. (Limit discussion to established facts.)","Les faits sont utiles, mais limiter la discussion peut étouffer les préoccupations, les hypothèses et les perspectives alternatives.","Exiger un accord unanime. (Require unanimous agreement.)","L’unanimité peut masquer les désaccords et retarder les décisions plutôt que de favoriser un conflit constructif.","","","","","1","Un Scrum Master peut réduire la peur du conflit en créant un espace où chacun peut s’exprimer et remettre les idées en question avec respect. <i>Encourage chacun à donner son avis.</i><br><a href='https://framework.scaledagile.com/scrum-master-team-coach/' target='_blank'>Source</a>","Leçon 2 : Définir le rôle du Scrum Master"
"Que doit livrer une Équipe Agile à la fin de chaque Itération ? (What should an Agile Team deliver by the end of each Iteration?)","multiple-choice","Des fonctionnalités opérationnelles et testées. (Working, tested functionality.)","Chaque Itération doit produire une valeur fonctionnelle pouvant être démontrée et évaluée.","Une Roadmap de PI finalisée. (A finalized PI Roadmap.)","La Roadmap de PI décrit les intentions futures plutôt que le résultat principal de livraison de l’Itération.","Un document d’exigences complet. (A complete requirements document.)","Le développement Agile privilégie les solutions opérationnelles et les retours rapides plutôt qu’une documentation exhaustive.","Un taux d’utilisation individuelle plus élevé. (A higher individual utilization rate.)","Maximiser l’utilisation individuelle ne garantit pas que l’équipe livre de la valeur au client.","","","","","1","Une Équipe Agile utilise chaque Itération pour définir, construire, intégrer et tester des fonctionnalités opérationnelles qui apportent de la valeur. <i>Objectif : livrer une nouvelle Valeur au Client à la fin de chaque Itération.</i><br><a href='https://framework.scaledagile.com/iterations/' target='_blank'>Source</a>","Leçon 1 : Introduction à Scrum dans SAFe"
"Que doit créer une Équipe Agile à partir d’une Rétrospective d’Itération efficace ? (What should an Agile Team create from an effective Iteration Retrospective?)","multiple-choice","Des Récits d’Amélioration. (Improvement Stories.)","Les Récits d’Amélioration transforment les problèmes identifiés en travail réalisable pour l’équipe.","Des Objectifs de PI révisés. (Revised PI Objectives.)","Les Objectifs de PI sont établis pendant le PI Planning et ne constituent pas un résultat habituel de la Rétrospective.","Des priorités de Fonctionnalités mises à jour. (Updated Feature priorities.)","Le Product Management priorise les Fonctionnalités dans le Backlog de l’ART.","Des Récits acceptés. (Accepted Stories.)","Les Récits sont acceptés lorsqu’ils respectent leurs critères d’acceptation et la Definition of Done.","","","","","1","Une Rétrospective d’Itération réussie produit des Récits d’Amélioration réalisables qui aident l’équipe à adapter ses pratiques de travail. <i>Récits d’Amélioration.</i><br><a href='https://framework.scaledagile.com/iteration-retrospective/' target='_blank'>Source</a>","Leçon 4 : Faciliter l’Exécution d’Itération"
"Quelle action du Scrum Master améliore le plus directement la coordination au sein d’un ART ? (Which Scrum Master action most directly improves coordination across an ART?)","multiple-choice","Faciliter les discussions sur les dépendances entre équipes. (Facilitate cross-team dependency discussions.)","Cela aide les équipes à rendre les dépendances visibles et à coordonner la manière dont le travail partagé sera réalisé.","Attribuer des responsables de dépendances à chaque équipe. (Assign dependency owners to each team.)","Les Scrum Masters facilitent la coordination, mais n’attribuent pas unilatéralement la responsabilité entre les équipes.","Demander au Product Management de résoudre les dépendances. (Ask Product Management to resolve dependencies.)","Le Product Management peut fournir une orientation, mais les équipes doivent coordonner directement les dépendances opérationnelles.","Déplacer le travail dépendant vers l’Itération IP. (Move dependent work to the IP Iteration.)","L’Itération IP ne constitue pas une réserve par défaut pour les dépendances interéquipes non résolues.","","","","","1","La performance de l’ART s’améliore lorsque les Scrum Masters aident les équipes à coordonner les dépendances avant qu’elles ne perturbent la livraison. <i>Se coordonne avec les autres Scrum Masters, l’Équipe Système et les Services Partagés.</i><br><a href='https://framework.scaledagile.com/scrum-master-team-coach/' target='_blank'>Source</a>","Leçon 2 : Définir le rôle du Scrum Master"
"Quel élément de Backlog une seule Équipe Agile doit-elle terminer au cours d’une Itération ? (Which backlog item should one Agile Team complete within an Iteration?)","multiple-choice","Un Récit. (A Story.)","Un Récit est dimensionné pour qu’une seule Équipe Agile puisse le terminer au cours d’une Itération.","Une Fonctionnalité. (A Feature.)","Une Fonctionnalité nécessite généralement plusieurs Récits et peut impliquer plusieurs équipes.","Une Capacité. (A Capability.)","Une Capacité couvre généralement plusieurs ART et est plus grande qu’un travail au niveau de l’Itération.","Un Epic. (An Epic.)","Un Epic est une initiative importante du Portfolio qui nécessite une analyse et une décomposition.","","","","","1","Les Récits sont des éléments du Backlog au niveau de l’équipe, conçus pour livrer un petit incrément de valeur au cours d’une Itération. <i>Chaque Équipe Agile définit, crée, intègre et teste les Récits de son Backlog d’Itération.</i><br><a href='https://framework.scaledagile.com/story/' target='_blank'>Source</a>","Leçon 1 : Introduction à Scrum dans SAFe"
"Quel événement aligne toutes les Équipes Agiles sur une mission commune du PI ? (Which event aligns all Agile Teams on a shared PI mission?)","multiple-choice","PI Planning. (PI Planning.)","Le PI Planning aligne toutes les équipes sur des objectifs partagés, les dépendances et la mission de l’ART.","Planification d’Itération. (Iteration Planning.)","La Planification d’Itération aligne une seule Équipe Agile sur le travail d’une Itération.","Coach Sync. (Coach Sync.)","Le Coach Sync coordonne les problèmes d’exécution après la création du plan du PI.","Démonstration Système. (System Demo.)","La Démonstration Système examine la progression intégrée, mais ne crée pas le plan du PI.","","","","","1","Le PI Planning fournit le forum à l’échelle de l’ART dans lequel les équipes créent des plans alignés et des Objectifs de PI partagés. <i>Alignées sur une mission commune grâce à un Backlog du Train unique.</i><br><a href='https://framework.scaledagile.com/pi-planning/' target='_blank'>Source</a>","Leçon 3 : Pratiquer le PI Planning"
"Une Équipe Agile met en production un parcours de paiement minimalement complet avec des analyses d’utilisation et des entretiens clients. Quelle caractéristique d’une équipe performante est démontrée ? (An Agile Team releases a minimally complete checkout flow with usage analytics and customer interviews. Which high-performing team characteristic is demonstrated?)","multiple-choice","Utiliser des boucles de retour régulières pour apprendre. (Using regular feedback loops for learning.)","Les analyses et les entretiens fournissent des éléments factuels que l’équipe peut utiliser pour améliorer la fonctionnalité.","Équilibrer les compétences de l’équipe avec la complexité du travail. (Balancing team skills with work complexity.)","Le scénario n’indique pas si les compétences de l’équipe correspondent à la difficulté du travail.","Maintenir des buts et des objectifs clairs. (Maintaining clear goals and objectives.)","L’équipe peut avoir des objectifs clairs, mais le scénario met l’accent sur la collecte de retours après la mise en production.","Fournir des ressources suffisantes pour un contrôle local. (Providing sufficient resources for local control.)","Aucune ressource supplémentaire ni autorité de décision locale n’est décrite dans le scénario.","","","","","1","L’équipe met délibérément en production un incrément utilisable et crée des mécanismes pour apprendre des clients. Cela raccourcit le cycle de retour et favorise une adaptation fondée sur des éléments factuels. <i>Retours d’informations efficaces et opportuns.</i><br><a href='https://framework.scaledagile.com/agile-teams/' target='_blank'>Source</a>","Leçon 2 : Définir le rôle du Scrum Master"
"Quelle pratique du Scrum Master aide une équipe à gérer de manière constructive des désaccords récurrents ? (Which Scrum Master practice helps a team manage recurring disagreement constructively?)","multiple-choice","Renforcer les accords de travail de l’équipe. (Reinforce the team's working agreements.)","Les accords de travail fournissent des attentes communes pour des débats respectueux et la résolution des conflits.","Transmettre le désaccord au RTE. (Escalate the disagreement to the RTE.)","Les conflits normaux de l’équipe doivent être traités au sein de l’équipe avant d’envisager une escalade.","Exiger un accord unanime. (Require unanimous agreement.)","L’unanimité peut retarder les décisions et encourager les membres à dissimuler des désaccords légitimes.","Reporter le problème jusqu’à Inspect & Adapt. (Postpone the issue until Inspect and Adapt.)","Attendre la fin du PI laisse le conflit non résolu continuer à affecter la collaboration.","","","","","1","Les accords de travail aident les membres de l’équipe à remettre les idées en question tout en maintenant un comportement respectueux. Le Scrum Master peut les utiliser comme référence neutre lorsque les discussions deviennent improductives. <i>Encourage les débats constructifs lors des réunions d’équipe.</i><br><a href='https://framework.scaledagile.com/scrum-master-team-coach/' target='_blank'>Source</a>","Leçon 2 : Définir le rôle du Scrum Master"
"Quelle est une pratique recommandée pour préparer une Équipe Agile à la Revue d’Itération ? (What is one recommended practice when preparing an Agile Team for Iteration Review?)","multiple-choice","Planifier ce qui sera démontré pendant la Planification d’Itération. (Plan what to demonstrate during Iteration Planning.)","Une planification précoce aide l’équipe à préparer les démonstrations sans créer une activité distincte de dernière minute.","Attendre que tous les Récits soient terminés pour sélectionner les démonstrations. (Wait until all Stories are completed to select demonstrations.)","Une sélection tardive augmente l’effort de préparation et peut réduire la qualité des retours.","Demander au Product Owner de préparer l’intégralité de la démonstration. (Ask the Product Owner to prepare the entire demonstration.)","Toute l’équipe doit participer plutôt que de transférer la responsabilité au Product Owner.","Préparer une présentation détaillée pour chaque Récit terminé. (Prepare a detailed presentation for every completed Story.)","La revue doit mettre l’accent sur les fonctionnalités opérationnelles plutôt que sur des présentations détaillées.","","","","","1","La préparation de la Revue d’Itération commence pendant la Planification d’Itération, lorsque l’équipe réfléchit à ce qu’elle démontrera et à la manière de le faire. <i>Réfléchir à la manière et au contenu de la démonstration pendant la Planification d’Itération.</i><br><a href='https://framework.scaledagile.com/iteration-review/' target='_blank'>Source</a>","Leçon 4 : Faciliter l’Exécution d’Itération"
"À quelle étape les membres de l’équipe commencent-ils à établir des façons de travailler communes ? (During which stage do team members begin establishing shared ways of working?)","multiple-choice","Normalisation. (Norming.)","Pendant la Normalisation, les membres résolvent leurs différences et établissent des pratiques qui favorisent la collaboration.","Confrontation. (Storming.)","Pendant la Confrontation, les désaccords concernant les rôles, les priorités et les approches restent importants.","Performance. (Performing.)","Pendant la Performance, des pratiques établies permettent déjà à l’équipe de travailler efficacement.","Formation. (Forming.)","Pendant la Formation, les membres découvrent encore l’équipe, sa raison d’être et leurs rôles.","","","","","1","L’étape de Normalisation commence lorsque les membres dépassent leurs préoccupations individuelles et élaborent des accords qui améliorent la collaboration. <i>Formation, Confrontation, Normalisation, Performance.</i><br><a href='https://framework.scaledagile.com/agile-teams/' target='_blank'>Source</a>","Leçon 2 : Définir le rôle du Scrum Master"
"Une Équipe Agile utilise régulièrement l’Itération IP pour terminer des Fonctionnalités et montre des signes d’épuisement. Que devrait recommander le Scrum Master ? (An Agile Team repeatedly uses the IP Iteration to finish Features and is showing signs of exhaustion. What should the Scrum Master recommend?)","multiple-choice","Rétablir les activités prévues pour l’Itération IP. (Restore the IP Iteration's intended activities.)","L’Itération IP offre du temps pour l’innovation, l’apprentissage, l’amélioration et la préparation, au lieu de la livraison habituelle de Fonctionnalités.","Ajouter davantage de Récits comme objectifs non engagés. (Add more Stories as uncommitted objectives.)","Les objectifs non engagés restent du travail planifié et ne réduiraient pas la pression de livraison de l’équipe.","Prolonger la dernière Itération d’une semaine. (Extend the final Iteration by one week.)","Prolonger une Itération perturbe la cadence commune de l’ART et ne traite pas le comportement sous-jacent.","Planifier des Team Sync plus longs. (Schedule longer Team Syncs.)","Des réunions de coordination plus longues ne créent pas de capacité pour l’innovation, l’apprentissage ou la récupération.","","","","","1","Consommer régulièrement l’Itération IP avec du travail de livraison inachevé supprime les possibilités d’amélioration et contribue à des modes de travail non soutenables. Le Scrum Master doit aider l’équipe à protéger ce temps pour les finalités prévues. <i>L’Itération d’Innovation et de Planification a lieu à chaque PI et remplit plusieurs objectifs.</i><br><a href='https://framework.scaledagile.com/innovation-and-planning-iteration/' target='_blank'>Source</a>","Leçon 5 : Terminer le PI"
"Quel est un signe qu’Inspect & Adapt a produit peu de valeur ? (What is one sign that Inspect and Adapt produced little value?)","multiple-choice","Aucune Fonctionnalité d’amélioration exploitable n’est créée. (No actionable improvement Features are created.)","Sans Fonctionnalités d’amélioration exploitables, l’ART ne peut pas mettre en œuvre les changements identifiés pendant l’événement.","Plusieurs causes racines potentielles sont discutées. (Several potential root causes are discussed.)","L’examen de plusieurs causes aide l’ART à éviter de sélectionner une explication non étayée.","La mesure de prévisibilité de l’ART est examinée. (The ART predictability measure is reviewed.)","L’examen de la prévisibilité fournit des éléments factuels objectifs sur la performance du PI.","Les parties prenantes fournissent un retour sur la Solution intégrée. (Stakeholders provide feedback on the integrated Solution.)","Le retour des parties prenantes est un résultat attendu de la Démonstration Système du PI.","","","","","1","Inspect & Adapt doit produire un travail d’amélioration concret. Des discussions sans éléments exploitables dans le Backlog n’améliorent pas la performance future de l’ART. <i>Aucune Fonctionnalité d’amélioration exploitable n’est créée.</i><br><a href='https://framework.scaledagile.com/inspect-and-adapt/' target='_blank'>Source</a>","Leçon 5 : Terminer le PI"
"Quelle préférence est exprimée dans le Manifeste Agile ? (Which preference is expressed in the Agile Manifesto?)","multiple-choice","Les individus et leurs interactions plus que les processus et les outils. (Individuals and interactions over processes and tools.)","L’Agile met l’accent sur une collaboration humaine efficace tout en reconnaissant que les processus et les outils apportent également de la valeur.","Les processus et les outils plus que la collaboration de l’équipe. (Processes and tools over team collaboration.)","Cela inverse la préférence Agile en plaçant les mécanismes au-dessus des interactions humaines.","La productivité individuelle plus que les résultats partagés. (Individual productivity over shared outcomes.)","L’Agile met l’accent sur la livraison collaborative de valeur plutôt que sur une productivité individuelle isolée.","Une gouvernance détaillée plus que des retours rapides. (Detailed governance over rapid feedback.)","La gouvernance peut être nécessaire, mais l’Agile privilégie le retour et l’adaptation.","","","","","1","Le développement Agile accorde davantage d’importance à la communication et à la collaboration qu’à une dépendance rigide envers les processus ou les outils. Cette affirmation exprime une préférence, et non la suppression du second élément. <i>Les individus et leurs interactions plus que les processus et les outils.</i><br><a href='https://framework.scaledagile.com/lean-agile-mindset/' target='_blank'>Source</a>","Leçon 1 : Introduction à Scrum dans SAFe"
"Comment un servant leader peut-il améliorer la qualité d’une décision d’équipe ? (How can a servant leader improve the quality of a team decision?)","multiple-choice","Inviter chaque membre de l’équipe à contribuer. (Invite every team member to contribute.)","La diversité des points de vue aide l’équipe à identifier les hypothèses et à prendre une décision collectivement assumée.","Demander au membre le plus expérimenté de décider. (Ask the most experienced member to decide.)","L’expérience est utile, mais confier l’autorité finale à une seule personne réduit la responsabilité collective.","Présenter d’abord la solution privilégiée. (Present the preferred solution first.)","Présenter une réponse privilégiée peut orienter la discussion et décourager les autres points de vue.","Transmettre le désaccord au management. (Escalate disagreement to management.)","Les désaccords normaux au sein de l’équipe doivent généralement être résolus de manière collaborative au niveau de l’équipe.","","","","","1","Un servant leader crée un espace permettant à tous les membres de l’équipe de contribuer avant que l’équipe ne prenne une décision. Cela améliore à la fois la qualité de la décision et son appropriation. <i>Encourage chacun à donner son avis.</i><br><a href='https://framework.scaledagile.com/scrum-master-team-coach/' target='_blank'>Source</a>","Leçon 2 : Définir le rôle du Scrum Master"
"Quelle est l’une des conséquences d’un Affinement du Backlog insuffisant ? (What is one consequence of insufficient Backlog Refinement?)","multiple-choice","Trop peu de Récits sont prêts pour la Planification d’Itération. (Too few Stories are ready for Iteration Planning.)","Sans affinement régulier, l’équipe peut manquer de Récits suffisamment compris et estimés pour la planification.","Les Objectifs d’Itération deviennent des Objectifs de PI. (Iteration Goals become PI Objectives.)","Les Objectifs d’Itération et les Objectifs de PI restent distincts quelle que soit la fréquence de l’affinement.","Les Récits terminés nécessitent de nouvelles estimations. (Completed Stories require new estimates.)","Les Récits terminés n’ont pas besoin d’être réestimés, car l’affinement porte sur le travail à venir.","Les Business Owners ne peuvent pas attribuer de valeur métier. (Business Owners cannot assign business value.)","La valeur métier est attribuée aux Objectifs de PI pendant le PI Planning, et non pendant l’Affinement du Backlog.","","","","","1","Un Affinement du Backlog régulier prépare suffisamment de Récits à venir pour une Planification d’Itération efficace. Sans cela, la planification peut commencer avec un travail flou ou non préparé. <i>L’équipe prépare les exigences de la Planification d’Itération.</i><br><a href='https://framework.scaledagile.com/team-backlog/' target='_blank'>Source</a>","Leçon 4 : Faciliter l’Exécution d’Itération"
"Quel est l’un des avantages de réunir l’ensemble de l’ART pour le PI Planning ? (What is one benefit of bringing the entire ART together for PI Planning?)","multiple-choice","Une prise de décision plus rapide. (Faster decision-making.)","Les bonnes personnes peuvent résoudre les questions et prendre des décisions de planification sans longs transferts.","Éliminer toutes les dépendances. (Eliminating all dependencies.)","Le PI Planning identifie et coordonne les dépendances, mais ne peut pas toutes les éliminer.","Garantir chaque objectif. (Guaranteeing every objective.)","La planification améliore la confiance, mais ne garantit pas que chaque objectif sera atteint.","Finaliser chaque Récit. (Finalizing every Story.)","Les équipes créent des plans suffisamment détaillés sans définir entièrement chaque Récit du PI.","","","","","1","Le PI Planning accélère la prise de décision en réunissant les équipes, les parties prenantes et les rôles clés afin de résoudre directement les questions. <i>Les équipes s’engagent en faveur d’un ensemble d’objectifs à atteindre pendant le PI.</i><br><a href='https://framework.scaledagile.com/pi-planning/' target='_blank'>Source</a>","Leçon 3 : Pratiquer le PI Planning"
"Que doit démontrer une Équipe Agile pendant une Revue d’Itération efficace ? (What should an Agile Team demonstrate during an effective Iteration Review?)","multiple-choice","Des fonctionnalités opérationnelles. (Working functionality.)","Les fonctionnalités opérationnelles fournissent une preuve objective de la progression et permettent des retours pertinents des parties prenantes.","Des rapports de tâches terminées. (Completed task reports.)","Les rapports de tâches décrivent l’activité, mais ne prouvent pas que la Solution fonctionne.","Des fonctionnalités planifiées. (Planned functionality.)","Les fonctionnalités planifiées n’ont pas encore produit d’Incrément que les parties prenantes peuvent inspecter.","Des estimations de Récits mises à jour. (Updated Story estimates.)","Les estimations mises à jour soutiennent la planification, mais ne démontrent pas la valeur livrée.","","","","","1","Une Revue d’Itération efficace se concentre sur des fonctionnalités terminées et opérationnelles plutôt que sur des rapports ou des plans futurs. <i>L’équipe démontre des fonctionnalités opérationnelles.</i><br><a href='https://framework.scaledagile.com/iteration-review/' target='_blank'>Source</a>","Leçon 4 : Faciliter l’Exécution d’Itération"
"Quelle mesure est examinée pendant l’événement Inspect & Adapt ? (Which measure is reviewed during the Inspect and Adapt event?)","multiple-choice","La mesure de prévisibilité de l’ART. (ART predictability measure.)","La mesure de prévisibilité de l’ART compare la valeur métier planifiée à la valeur métier obtenue pour le PI.","L’efficacité du cycle de l’ART. (ART cycle efficiency.)","L’efficacité du cycle peut soutenir l’analyse du flux, mais ce n’est pas la mesure requise pour Inspect & Adapt.","Le taux d’utilisation de l’équipe. (Team utilization rate.)","L’utilisation individuelle ou de l’équipe n’est pas la mesure principale examinée pendant cet événement.","La vélocité de valeur du Portfolio. (Portfolio value velocity.)","La vélocité de valeur du Portfolio n’est pas une mesure définie pour Inspect & Adapt dans SAFe.","","","","","1","Inspect & Adapt comprend un examen quantitatif de la performance de l’ART à l’aide de la mesure de prévisibilité. <i>Mesure de prévisibilité de l’ART.</i><br><a href='https://framework.scaledagile.com/inspect-and-adapt/' target='_blank'>Source</a>","Leçon 5 : Terminer le PI"
