title,feedback,answerType,type,domain,answer1,explanation1,answer2,explanation2,answer3,explanation3,answer4,explanation4,answer5,explanation5,answer6,explanation6,correctAnswer
What are three ways the Scrum Master can support collaboration between the Product Owner and stakeholders? (Choose the three best answers),"Facilitating communication, helping with backlog refinement, and coaching the Product Owner are key ways the Scrum Master supports stakeholder collaboration. <i>'The Scrum Master helps the Scrum Team and the larger organization adopt Scrum.' (Scrum Guide 2020, p. 7)</i>",M,PSM-II,Collaboration with Stakeholders,By ensuring that stakeholders attend every Scrum event to stay informed.,Incorrect: Stakeholders do not need to attend every Scrum event; the Sprint Review is the key event for their involvement.,Facilitating communication between the Product Owner and stakeholders to ensure transparency and alignment.,Correct: The Scrum Master helps ensure effective communication and alignment between the Product Owner and stakeholders.,Helping the Product Owner refine the Product Backlog to reflect stakeholder needs and priorities.,Correct: Refining the Product Backlog ensures that stakeholder needs are properly considered and prioritized.,Coaching the Product Owner on how to effectively engage with stakeholders and manage their expectations.,Correct: Coaching the Product Owner on stakeholder engagement is a key part of the Scrum Master’s role.,Allowing stakeholders to provide direct input on the Development Team’s daily activities.,"Incorrect: Stakeholders should collaborate with the Product Owner, not the Development Team directly.",,,"2,3,4"
What are three ways the Scrum Master can demonstrate servant leadership within a Scrum Team? (Choose the three best answers),"The Scrum Master serves the team by facilitating events, removing obstacles, and providing support without dictating solutions. <i>'The Scrum Master is a servant leader who supports the team’s ability to function effectively.' (Scrum Guide 2020, p. 7)</i>",M,PSM-II,Leadership and Influence,Taking control of decision-making to ensure alignment with the Sprint Goal.,"Incorrect: The Scrum Master should support the team’s decision-making, not control it.",Facilitating Scrum events to ensure they are effective and productive.,"Correct: Facilitating events is a key part of servant leadership, helping the team stay on track.",Helping the team identify and remove obstacles that slow their progress.,"Correct: Removing obstacles is a way the Scrum Master serves the team, helping them achieve their goals.",Providing guidance and support rather than dictating solutions.,Correct: Servant leaders offer guidance but empower the team to make decisions and solve problems.,Enforcing strict adherence to the Scrum framework without flexibility.,"Incorrect: The Scrum Master promotes understanding and adaptation of Scrum principles, not rigid enforcement.",,,"2,3,4"
What are two reasons that Scrum Teams use time-boxed Sprints? (Choose the two best answers),"Time-boxing ensures that Sprints maintain focus, create predictability, and limit unnecessary changes. <i>'Sprints are the heartbeat of Scrum, providing regularity.' (Scrum Guide 2020, p. 9)</i>",M,PSM-II,Understanding Scrum Fundamentals,To control how long team members work on specific tasks.,Incorrect: Time-boxes are not for controlling tasks but for creating focus and regularity.,To create a predictable cadence that ensures regular delivery of value.,"Correct: Time-boxed Sprints provide regularity, allowing teams to inspect and adapt their progress.",To limit the risk of changes being introduced during the Sprint.,Correct: Time-boxed Sprints help teams remain focused and avoid mid-Sprint scope changes.,To allow the Product Owner to adjust priorities frequently.,"Incorrect: The Product Backlog can be reprioritized between Sprints, but not during an ongoing Sprint.",To accommodate last-minute changes to the Sprint Goal.,Incorrect: The Sprint Goal remains fixed once the Sprint begins.,,,"2,3"
"During Sprint Planning, the Development Team is unable to agree on how to implement a particular feature. What should the Scrum Master do to help? (Choose the two best answers)","The Scrum Master should facilitate discussions to help the team reach a consensus on technical decisions and encourage collaboration. This ensures the team can self-organize and work together effectively. <i>'The Scrum Master helps the Scrum Team understand Scrum theory and practice.' (Scrum Guide 2020, p. 6)</i>",M,PSM-II,Team Facilitation and Coaching,Step in and make the technical decision to help the team move forward.,Incorrect: The Scrum Master does not make technical decisions for the team.,Facilitate a discussion to help the team reach consensus on the technical approach.,Correct: The Scrum Master should facilitate discussions to help the team come to an agreement on the approach.,Ask the Product Owner to resolve the technical disagreement.,"Incorrect: The Product Owner manages the Product Backlog, not technical decisions.",Encourage the team to explore different solutions and make a decision together.,Correct: The Scrum Master should encourage the team to collaborate and decide together on the best approach.,End the Sprint Planning early and ask the team to figure it out later.,Incorrect: Sprint Planning should be used to ensure the team is aligned on how they will implement work.,,,"2,4"
What are two responsibilities of the Scrum Master when it comes to stakeholder collaboration? (Choose the two best answers),"Helping the Product Owner communicate the vision and facilitating stakeholder participation in Sprint Reviews are key responsibilities of the Scrum Master. <i>'The Scrum Master serves the Product Owner by ensuring effective stakeholder collaboration.' (Scrum Guide 2020, p. 7)</i>",M,PSM-II,Collaboration with Stakeholders,Ensuring that stakeholders are invited to the Daily Scrum to track the team’s progress.,Incorrect: Stakeholders do not attend the Daily Scrum; it is for the Development Team.,Helping the Product Owner communicate the product vision and priorities to stakeholders clearly.,Correct: The Scrum Master helps the Product Owner ensure that stakeholders understand the product vision and priorities.,Facilitating stakeholder participation in Sprint Reviews to gather feedback on the product Increment.,Correct: The Sprint Review is the event where stakeholders can provide feedback on the Increment and future priorities.,Prioritizing stakeholder requests based on urgency and business impact.,"Incorrect: Prioritization is the responsibility of the Product Owner, not the Scrum Master.",Ensuring that stakeholders attend all Scrum events to stay informed.,"Incorrect: Stakeholders primarily participate in Sprint Reviews, not all Scrum events.",,,"2,3"
What are three responsibilities of the Product Owner in Scrum? (Choose the three best answers),"The Product Owner manages the Product Backlog, collaborates with stakeholders, and makes decisions to maximize the product’s value. <i>'The Product Owner is accountable for maximizing the value of the product.' (Scrum Guide 2020, p. 7)</i>",M,PSM-II,Understanding Scrum Fundamentals,Managing the Development Team's tasks to ensure they are completed on time.,Incorrect: The Product Owner does not manage the team’s tasks; the Development Team is self-organizing.,"Ensuring the Product Backlog is well-defined, prioritized, and transparent to all stakeholders.",Correct: The Product Owner is responsible for managing and prioritizing the Product Backlog.,Working with stakeholders to refine the Product Backlog and ensure their needs are addressed.,Correct: The Product Owner collaborates with stakeholders to refine the Product Backlog and align it with business needs.,Maximizing the value of the product by making informed decisions about what the team works on.,Correct: The Product Owner is responsible for maximizing the value of the product by effectively managing the Product Backlog.,Attending the Daily Scrum to monitor the Development Team's progress.,Incorrect: The Product Owner is not required to attend the Daily Scrum; this is primarily for the Development Team.,,,"2,3,4"
"True or False: In Scrum, the Sprint Review is primarily focused on inspecting the progress made towards the Product Goal and gathering feedback from stakeholders.","The Sprint Review is an important event where stakeholders can inspect the Increment, provide feedback, and discuss progress toward the Product Goal. <i>'The purpose of the Sprint Review is to inspect the outcome of the Sprint and determine future adaptations.' (Scrum Guide 2020, p. 10)</i>",TF,PSM-II,Understanding Scrum Fundamentals,,Correct: The Sprint Review is a working session where the Scrum Team and stakeholders inspect the Increment and discuss progress towards the Product Goal.,,Incorrect: The Sprint Review focuses on progress towards the Product Goal and is an opportunity for stakeholders to provide feedback.,,,,,,,,,true
True or False: Stakeholders should provide ongoing feedback during the Sprint to ensure that the Development Team can adjust their work in real-time.,"Stakeholders provide feedback primarily during structured events like the Sprint Review, ensuring that the team remains focused on their commitments during the Sprint. <i>'The Sprint Review is a working session to gather feedback and foster collaboration.' (Scrum Guide 2020, p. 10)</i>",TF,PSM-II,Collaboration with Stakeholders,,"Incorrect: Stakeholders provide feedback during specific Scrum events, not continuously during the Sprint.",,"Correct: Feedback from stakeholders typically occurs during the Sprint Review, not continuously during the Sprint, to avoid disrupting the Development Team.",,,,,,,,,false
"A member of the Development Team frequently dominates conversations during meetings, not allowing others to share their input. This has caused frustration among the other team members. What should the Scrum Master do? (Choose the best answer)","The Scrum Master should facilitate a discussion with the team to address the communication issues and ensure that all team members have the opportunity to contribute. Effective communication is essential for a successful Scrum Team. <i>'The Scrum Master serves the Scrum Team by coaching the team members in self-management and cross-functionality.' (Scrum Guide 2020, p. 7)</i>",S,PSM-II,Team Facilitation and Coaching,Privately ask the team member to speak less during meetings to give others a chance.,Incorrect: The Scrum Master should address the issue openly with the whole team rather than privately handling it.,Facilitate a team discussion on how they can improve communication and ensure everyone has an opportunity to contribute.,Correct: The Scrum Master should facilitate a discussion to address communication challenges and ensure everyone can participate equally.,Ignore the issue and allow the team to self-manage the situation.,Incorrect: The Scrum Master should facilitate open communication within the team rather than ignore the issue.,Give the quieter team members specific tasks to force them to contribute more.,Incorrect: The Scrum Master should not force team members to contribute but should create an environment where everyone feels comfortable sharing.,,,,,2
"During a Sprint Retrospective, the team struggles to come up with actionable improvements and seems disengaged. How should the Scrum Master approach this situation?","The Scrum Master should facilitate a structured Retrospective to help the team identify actionable improvements. <i>'The Scrum Master ensures that the Scrum Team improves its processes, within the Scrum framework.' (Scrum Guide 2020, p. 7)</i>",S,PSM-II,Team Facilitation and Coaching,"Facilitate a more structured Retrospective, guiding the team to identify specific areas for improvement and encouraging participation.",Correct: The Scrum Master should ensure the Retrospective is structured to help the team focus on actionable improvements and engage fully in the process.,Allow the team to skip the Retrospective since they are unable to come up with improvements.,"Incorrect: The Retrospective is a vital part of Scrum, and the Scrum Master should ensure it is used to identify improvements.",Ask the Product Owner to provide feedback to inspire the team to come up with more improvements.,"Incorrect: While Product Owner feedback is valuable, the Scrum Master should focus on the team's engagement and improvement processes.",Encourage the team to focus only on positive aspects of the Sprint to maintain morale.,Incorrect: The Retrospective should identify both positive aspects and areas for improvement to ensure continuous learning.,,,,,1
How can a Scrum Master best facilitate continuous improvement within the team?,"The Scrum Master facilitates Retrospectives to help the team reflect on their processes and foster continuous improvement. <i>'The Sprint Retrospective is held after the Sprint to plan improvements.' (Scrum Guide 2020, p. 11)</i>",S,PSM-II,Team Facilitation and Coaching,By assigning tasks to each team member to ensure efficiency.,Incorrect: The Development Team is self-organizing and assigns its own tasks.,By facilitating Retrospectives and encouraging the team to reflect on their processes.,"Correct: The Scrum Master facilitates Retrospectives, which allow the team to reflect on and improve their processes.",By directing the team’s work to align with organizational goals.,Incorrect: The Scrum Team is responsible for organizing its work to meet the Sprint Goal.,By preventing changes to the Sprint Backlog to avoid distractions.,"Incorrect: The Sprint Backlog can be adapted if necessary, but it is up to the team to manage it.",,,,,2
How can a Scrum Master foster continuous improvement within the Scrum Team?,"The Scrum Master fosters continuous improvement by facilitating Retrospectives and encouraging reflection on processes. <i>'The Sprint Retrospective is an opportunity to inspect and adapt.' (Scrum Guide 2020, p. 11)</i>",S,PSM-II,Team Facilitation and Coaching,By setting performance targets for the team to achieve in the next Sprint.,Incorrect: The Scrum Team sets its own goals and targets for improvement.,By facilitating Sprint Retrospectives to help the team reflect on their work and processes.,Correct: The Scrum Master promotes continuous improvement by facilitating Retrospectives that help the team reflect on their processes.,By preventing any changes to the Sprint Backlog to maintain focus.,Incorrect: The Sprint Backlog can be adapted during the Sprint based on the team's needs.,By dictating the improvements that the team should implement based on their observations.,"Incorrect: The team should decide on improvements during the Retrospective, with the Scrum Master facilitating the process.",,,,,2
How does a Scrum Master best support a self-managing team?,"The Scrum Master supports self-management by facilitating discussions and enabling the team to make collective decisions. <i>'Scrum Teams are self-managing, deciding who does what, when, and how.' (Scrum Guide 2020, p. 5)</i>",S,PSM-II,Team Facilitation and Coaching,By assigning tasks based on each team member's strengths.,Incorrect: The team is self-organizing and responsible for task assignment.,By facilitating discussions and helping the team make decisions collectively.,Correct: The Scrum Master supports self-management by facilitating discussions and decision-making.,By escalating decisions to upper management when the team struggles.,Incorrect: The Scrum Master should coach the team to solve their problems without unnecessary escalation.,By ensuring strict adherence to Scrum events without flexibility.,Incorrect: Scrum encourages flexibility and adaptation to meet the team's needs.,,,,,2
"Halfway through the Sprint, the Development Team expresses concerns that they may not be able to complete the Sprint Goal. The Product Owner is worried about the potential impact on stakeholders. How should the Scrum Master respond?","The Scrum Master should facilitate a conversation to help the team and Product Owner reassess the Sprint Backlog and ensure they deliver as much value as possible. <i>'The Scrum Master helps the team focus on delivering high-value increments that meet the Sprint Goal.' (Scrum Guide 2020, p. 7)</i>",S,PSM-II,Team Facilitation and Coaching,Facilitate a conversation between the team and the Product Owner to reassess the Sprint Backlog and determine how they can still deliver value.,Correct: The Scrum Master should help the team and Product Owner assess the situation and adjust as needed to still deliver value.,Encourage the team to work overtime to meet the Sprint Goal and avoid disappointing the stakeholders.,"Incorrect: Scrum promotes sustainable working practices, and the focus should be on delivering value, not working overtime.",Advise the Product Owner to lower the Sprint Goal to match the team’s current progress.,"Incorrect: The Sprint Goal should not be changed mid-Sprint, but the team should reassess how they can best deliver value.",Tell the team to focus on completing the easiest tasks first to ensure some progress is made.,"Incorrect: The team should focus on delivering the most valuable work, not just completing easier tasks to show progress.",,,,,1
One of the team members is struggling with their assigned tasks. How should the Scrum Master help?,"The Scrum Master should facilitate a discussion to encourage team collaboration and help the team member resolve their difficulties. <i>'The Scrum Master helps the Scrum Team improve its practices.' (Scrum Guide 2020, p. 7)</i>",S,PSM-II,Team Facilitation and Coaching,Reassign the tasks to other team members to avoid delays.,"Incorrect: The team is self-managing, and task distribution should be handled within the team.",Facilitate a team discussion to provide support and help the member resolve their issues.,Correct: The Scrum Master should facilitate a team discussion to encourage collaboration and support.,Take over the tasks to ensure they are completed on time.,Incorrect: The Scrum Master should not take over work; the team is responsible for managing their tasks.,Extend the Sprint to give the team more time to complete the work.,Incorrect: The Sprint duration is time-boxed and should not be extended.,,,,,2
When should the Scrum Master directly intervene in team decision-making? (Choose the best answer),"The Scrum Master should only intervene when the team faces impediments that they cannot resolve on their own. <i>The Scrum Guide 2020</i> says, 'The Scrum Master helps the team remove impediments to progress.'",S,PSM-II,Team Facilitation and Coaching,When the team is about to make a mistake that could lead to failure.,Incorrect: The Scrum Master should let the team learn from their own mistakes to promote self-organization.,When the team is stuck and unable to move forward due to impediments.,Correct: The Scrum Master should intervene to remove impediments that are blocking the team’s progress.,When stakeholders demand changes that contradict the team’s decisions.,Incorrect: The Scrum Master should protect the team’s self-organization from external interference.,When the Product Owner disagrees with the Development Team’s technical choices.,Incorrect: The Scrum Master should not interfere in technical disagreements unless they affect the process.,,,,,2
What is a key responsibility of the Scrum Master in coaching the Product Owner?,"The Scrum Master helps the Product Owner by coaching them on effective communication and stakeholder management. <i>'The Scrum Master helps the Product Owner find techniques for effective Product Backlog management.' (Scrum Guide 2020, p. 7)</i>",S,PSM-II,Team Facilitation and Coaching,Taking over Product Backlog management when the Product Owner is unavailable.,"Incorrect: The Product Owner is responsible for managing the Product Backlog, not the Scrum Master.",Helping the Product Owner communicate effectively with stakeholders and manage their expectations.,Correct: The Scrum Master coaches the Product Owner to communicate effectively with stakeholders and manage their expectations.,Ensuring the Development Team works on the highest priority items assigned by stakeholders.,"Incorrect: The Product Owner prioritizes the Product Backlog, and the Development Team is self-organizing.",Making decisions on behalf of the Product Owner to streamline the process.,Incorrect: The Product Owner is responsible for making decisions regarding the Product Backlog and priorities.,,,,,2
How can a Scrum Master facilitate continuous improvement in the team?,"The Scrum Master helps the team continuously improve by facilitating reflective Retrospectives and identifying improvements. <i>'The Sprint Retrospective is held to plan ways to increase quality and effectiveness.' (Scrum Guide 2020, p. 11)</i>",S,PSM-II,Continuous Improvement and Problem Solving,By facilitating Retrospectives to help the team identify areas for improvement.,Correct: The Scrum Master helps the team continuously improve by guiding them through reflective Retrospectives.,By assigning specific tasks to improve team performance.,Incorrect: The Scrum Team is self-organizing and assigns tasks itself.,By escalating issues to management to ensure improvements are made.,Incorrect: The team should resolve issues internally before considering escalation.,By enforcing strict adherence to processes to avoid mistakes.,Incorrect: Scrum encourages flexibility and adaptation.,,,,,1
How should a Scrum Master approach continuous improvement within the team?,"The Scrum Master helps the team improve continuously by facilitating Retrospectives and encouraging process reflection. <i>'The Sprint Retrospective is held to plan ways to increase quality and effectiveness.' (Scrum Guide 2020, p. 11)</i>",S,PSM-II,Continuous Improvement and Problem Solving,By assigning tasks to improve processes.,Incorrect: The Scrum Team is self-organizing and assigns tasks itself.,By escalating unresolved issues to upper management for guidance.,Incorrect: The Scrum Master should support the team in resolving issues internally.,By facilitating Retrospectives to help the team reflect on its processes and identify improvements.,Correct: The Scrum Master supports continuous improvement by facilitating Retrospectives and encouraging team reflection.,By enforcing strict adherence to the same processes to maintain consistency.,Incorrect: Scrum promotes flexibility and adaptation to achieve improvement.,,,,,3
"Midway through a Sprint, the Development Team encounters a technical problem they cannot resolve. What is the best approach for the Scrum Master?","The Scrum Master should facilitate a problem-solving session, helping the team explore potential solutions and learn from the experience. <i>'The Scrum Master serves the Scrum Team by coaching the team members in self-management and cross-functionality.' (Scrum Guide 2020, p. 7)</i>",S,PSM-II,Continuous Improvement and Problem Solving,Bring in an external expert to solve the problem for the team.,Incorrect: The Scrum Master should not solve the problem for the team but help them learn to address it themselves.,Facilitate a problem-solving session with the team to explore potential solutions.,Correct: The Scrum Master should facilitate collaboration within the team to find a solution and promote continuous improvement.,Ask the team to skip the problematic task and return to it in the next Sprint.,Incorrect: Delaying the resolution of the problem can lead to increased technical debt.,Reassign the task to another team member who might have more experience.,Incorrect: Reassigning work does not solve the root problem and may affect team collaboration.,,,,,2
"A Scrum Team consistently faces the same blockers in each Sprint, slowing down progress. The team has identified the issues but has not been able to solve them. What is the best way for the Scrum Master to help?","The Scrum Master should facilitate a Root Cause Analysis to help the team deeply explore the blockers and identify solutions. <i>'The Scrum Master helps the Scrum Team improve how they manage their work and solve complex problems.' (Scrum Guide 2020, p. 7)</i>",S,PSM-II,Continuous Improvement and Problem Solving,Facilitate a Root Cause Analysis session to help the team deeply explore the underlying causes of the blockers and identify potential solutions.,Correct: The Scrum Master should help the team conduct a Root Cause Analysis to address the persistent blockers effectively.,Encourage the team to work harder to push through the blockers without spending additional time analyzing them.,Incorrect: The team should focus on understanding and solving the blockers rather than simply working harder.,Advise the Product Owner to reduce the Sprint Backlog to minimize the impact of the blockers on the Sprint Goal.,Incorrect: Reducing the Sprint Backlog does not address the underlying causes of the blockers; solving the issues is key.,Ask the team to escalate the blockers to upper management for resolution.,"Incorrect: The Scrum Master should help the team resolve the blockers themselves, rather than escalating them to management.",,,,,1
What is a primary outcome of a Sprint Retrospective?,"The Sprint Retrospective should result in a plan for improving team practices in the next Sprint. <i>'The Scrum Team plans ways to increase quality and effectiveness.' (Scrum Guide 2020, p. 11)</i>",S,PSM-II,Continuous Improvement and Problem Solving,A finalized Product Backlog for the next Sprint.,"Incorrect: The Product Backlog is discussed during Sprint Planning, not the Retrospective.",A detailed action plan to improve team practices in the next Sprint.,Correct: The outcome of the Retrospective is an actionable plan for improving team performance.,New features for the next Sprint based on stakeholder feedback.,"Incorrect: New features are determined during Sprint Planning, based on the Product Backlog and not the Retrospective.",A report on team performance for the stakeholders.,"Incorrect: The Retrospective is focused on team improvement, not reporting to stakeholders.",,,,,2
What is the Scrum Master’s responsibility when the team struggles to resolve an impediment?,"The Scrum Master facilitates discussions and promotes team collaboration to resolve impediments effectively. <i>'The Scrum Master helps the Scrum Team remove impediments to their progress.' (Scrum Guide 2020, p. 7)</i>",S,PSM-II,Continuous Improvement and Problem Solving,By solving the impediment directly to allow the team to focus.,Incorrect: The Scrum Master helps the team but does not solve impediments directly.,By escalating the issue to upper management to ensure quick resolution.,Incorrect: The team should try to resolve issues themselves without escalation.,By facilitating open discussions to help the team collaborate on resolving the impediment.,Incorrect: The Scrum Master supports the team in resolving impediments through collaboration.,By facilitating discussions to encourage the team to work together to resolve impediments.,Correct: The Scrum Master promotes team collaboration to resolve impediments through discussions.,,,,,4
What should a Scrum Master do when the team struggles to resolve an impediment?,"The Scrum Master facilitates open discussions and encourages team collaboration to address impediments effectively. <i>'The Scrum Master helps the Scrum Team remove impediments to their progress.' (Scrum Guide 2020, p. 7)</i>",S,PSM-II,Continuous Improvement and Problem Solving,By escalating the issue to upper management for immediate resolution.,Incorrect: The team should first try to resolve the impediment with the Scrum Master's facilitation.,By assigning tasks to team members to focus on resolving the impediment.,Incorrect: The Scrum Team is self-organizing and assigns its own tasks.,By facilitating discussions that help the team collaborate to resolve the impediment.,Incorrect: The Scrum Master supports the team in addressing the impediment themselves.,By facilitating open discussions and encouraging collaboration to resolve the impediment.,Correct: The Scrum Master fosters team collaboration to help resolve impediments.,,,,,4
Which Scrum event is dedicated to continuous improvement?,"The Sprint Retrospective is specifically designed for continuous improvement of team practices and effectiveness. <i>'The purpose of the Sprint Retrospective is to plan ways to increase quality and effectiveness.' (Scrum Guide 2020, p. 11)</i>",S,PSM-II,Continuous Improvement and Problem Solving,Sprint Review,Incorrect: The Sprint Review is about inspecting the product and gathering feedback.,Sprint Retrospective,Correct: The Sprint Retrospective focuses on improving the team's processes and effectiveness.,Daily Scrum,Incorrect: The Daily Scrum focuses on the day-to-day planning and progress inspection.,Product Backlog Refinement,"Incorrect: Refinement is about clarifying the Product Backlog items, not team improvement.",,,,,2
"During a Sprint, the Development Team encounters a critical technical issue that they cannot solve on their own. How should the Scrum Master assist?","The Scrum Master should facilitate a problem-solving session to help the team explore solutions, potentially involving external expertise if necessary. <i>'The Scrum Master helps the Scrum Team improve its practices.' (Scrum Guide 2020, p. 7)</i>",S,PSM-II,Leadership and Influence,Take over the issue and solve it for the team to ensure progress is maintained.,Incorrect: The Scrum Master should not solve technical problems but facilitate the team in finding a solution.,Facilitate a discussion to help the team explore potential solutions and consider bringing in external expertise if necessary.,"Correct: The Scrum Master should facilitate problem-solving and help the team consider options, including external expertise, if needed.",Ask the Product Owner to cancel the Sprint so the team can address the issue.,Incorrect: Canceling the Sprint is not an appropriate solution for resolving technical issues.,Ask the team to ignore the issue and focus on completing other tasks instead.,Incorrect: Ignoring the issue can affect the quality of the Increment and should be addressed collaboratively.,,,,,2
How can a Scrum Master best help a team that is new to Scrum and struggling to self-organize?,"The Scrum Master should coach the team on Scrum principles and facilitate their decision-making to help them self-organize. <i>'The Scrum Master helps the Scrum Team improve its practices, within the Scrum framework.' (Scrum Guide 2020, p. 7)</i>",S,PSM-II,Leadership and Influence,By stepping in to make decisions for the team until they are comfortable with Scrum.,Incorrect: The Scrum Master should not make decisions for the team but help them learn to self-organize.,By coaching the team on Scrum principles and facilitating their decision-making processes.,Correct: The Scrum Master should coach and guide the team to help them become self-organizing and improve their decision-making.,By assigning roles to team members to help them understand their responsibilities.,Incorrect: The Scrum Master does not assign roles; the team is responsible for organizing itself.,By imposing a rigid structure until the team demonstrates they can self-organize effectively.,Incorrect: Imposing a rigid structure contradicts the principle of self-organization in Scrum.,,,,,2
How does a Scrum Master demonstrate leadership within a Scrum Team?,"The Scrum Master leads by serving the team and fostering an environment where the team can manage itself and make decisions. <i>'The Scrum Master serves the Scrum Team by coaching it in self-management and cross-functionality.' (Scrum Guide 2020, p. 7)</i>",S,PSM-II,Leadership and Influence,By serving the team and facilitating their decision-making process.,Correct: The Scrum Master demonstrates leadership by serving the team and fostering self-management.,By assigning tasks to team members based on their skills.,Incorrect: The Scrum Team is self-organizing and assigns tasks independently.,By making decisions for the team to ensure efficiency.,Incorrect: The Scrum Master supports the team but does not make decisions for them.,By escalating unresolved issues to upper management for resolution.,Incorrect: The Scrum Master helps the team resolve issues internally without unnecessary escalation.,,,,,1
What is the Scrum Master’s role in fostering a self-organizing team?,"The Scrum Master fosters self-organization by empowering the team to make decisions about how they approach and organize their work. <i>'Scrum Teams are self-organizing and cross-functional.' (Scrum Guide 2020, p. 5)</i>",S,PSM-II,Leadership and Influence,By assigning roles and responsibilities to team members based on their skills.,Incorrect: The team is self-organizing and should assign their own roles and responsibilities.,By empowering the team to make decisions about how they organize and approach their work.,Correct: The Scrum Master fosters self-organization by empowering the team to make their own decisions about their work processes.,By setting deadlines and ensuring the team adheres to them.,"Incorrect: The Scrum Master helps the team focus on continuous improvement, but the team manages its own deadlines and work processes.",By providing detailed instructions on how to complete tasks during each Sprint.,Incorrect: The Scrum Master does not provide detailed instructions; the team is responsible for managing its work.,,,,,2
What should a Scrum Master do when there is a conflict within the Scrum Team?,"The Scrum Master facilitates communication to help the team resolve conflicts on their own. <i>'The Scrum Master helps the Scrum Team improve its practices.' (Scrum Guide 2020, p. 7)</i>",S,PSM-II,Leadership and Influence,Resolve the conflict by taking control and deciding how to move forward.,Incorrect: The Scrum Master facilitates the resolution of conflicts but does not take control or make decisions for the team.,Facilitate open communication between the team members to help them resolve the conflict themselves.,Correct: The Scrum Master helps by facilitating discussions that allow the team to resolve conflicts collaboratively.,Ignore the conflict and allow the team to resolve it on their own.,Incorrect: The Scrum Master should facilitate the resolution of conflicts to maintain team harmony and productivity.,Escalate the conflict to senior management if it is not resolved quickly.,Incorrect: The Scrum Master should focus on resolving conflicts within the team without unnecessary escalation.,,,,,2
A key stakeholder bypasses the Product Owner and directly approaches the Development Team with new requirements during the Sprint. What should the Scrum Master do?,"The Scrum Master should remind the stakeholder to work through the Product Owner for new requirements and protect the Development Team from external distractions. <i>'The Scrum Master helps those outside the Scrum Team understand Scrum theory and practice.' (Scrum Guide 2020, p. 7)</i>",S,PSM-II,Leadership and Influence,Ask the Development Team to accommodate the stakeholder’s request if possible.,Incorrect: The Scrum Master should ensure that all requests go through the Product Owner.,"Remind the stakeholder that all new requirements should be discussed with the Product Owner, not the Development Team.",Correct: The Scrum Master should protect the team and ensure the Product Owner manages the Product Backlog and stakeholder requests.,Allow the Development Team to work on the new requirements if they have extra capacity.,"Incorrect: The Development Team should focus on the Sprint Goal, and new requirements should be handled through the Product Owner.",Ask the Product Owner to re-prioritize the Sprint Backlog to accommodate the stakeholder’s request.,Incorrect: The Sprint Backlog should not be re-prioritized mid-Sprint based on stakeholder demands.,,,,,2
"During a Retrospective, the team expresses frustration that their suggestions for improvement have not been acted upon in previous Sprints. They feel their feedback is being ignored. What is the best way for the Scrum Master to handle this?","The Scrum Master should facilitate a conversation to ensure that the team's feedback is properly addressed in future Sprints, fostering continuous improvement. <i>'The Scrum Master ensures that the Scrum events, including the Sprint Retrospective, lead to improvements.' (Scrum Guide 2020, p. 7)</i>",S,PSM-II,Leadership and Influence,Facilitate a conversation with the team to explore how their feedback can be better incorporated into future Sprints and drive continuous improvement.,Correct: The Scrum Master should ensure that the team’s feedback is acted upon and that the Retrospective results in meaningful changes.,Encourage the team to focus on the positive aspects of their performance instead of dwelling on unaddressed feedback.,"Incorrect: The team’s feedback is valuable, and it should be addressed to foster continuous improvement.",Ask the Product Owner to prioritize the team's suggestions for improvement in the next Sprint.,Incorrect: The Scrum Master should help the team find ways to incorporate feedback rather than relying on the Product Owner.,Tell the team that improvements take time and they should continue to make suggestions even if they are not always implemented immediately.,Incorrect: The Scrum Master should ensure that the team’s feedback leads to actionable improvements rather than simply telling them to be patient.,,,,,1
How can a Scrum Master foster an environment of trust within the Scrum Team?,"The Scrum Master promotes trust by fostering open communication and transparency within the team. <i>'The Scrum Master helps foster an environment of collaboration and trust.' (Scrum Guide 2020, p. 7)</i>",S,PSM-II,Leadership and Influence,By facilitating transparent communication and encouraging the team to share openly.,Correct: The Scrum Master fosters trust by promoting transparency and open communication.,By assigning tasks to ensure team members collaborate effectively.,Incorrect: The Scrum Team is self-organizing and decides how to collaborate.,By escalating conflicts to management to maintain harmony.,Incorrect: The Scrum Master supports the team in resolving conflicts without unnecessary escalation.,By enforcing strict adherence to Scrum rules to prevent conflicts.,"Incorrect: Scrum promotes flexibility, not rigid enforcement of rules.",,,,,1
What is the best way for a Scrum Master to demonstrate leadership in conflict resolution?,"The Scrum Master demonstrates leadership by facilitating open discussions that allow the team to resolve conflicts collaboratively. <i>'The Scrum Master helps the Scrum Team improve communication and collaboration.' (Scrum Guide 2020, p. 7)</i>",S,PSM-II,Leadership and Influence,By facilitating discussions that encourage the team to resolve conflicts collaboratively.,Correct: The Scrum Master facilitates team discussions to help resolve conflicts collaboratively.,By making decisions on behalf of the team to resolve conflicts quickly.,"Incorrect: The Scrum Master does not make decisions for the team, but supports them in finding their own solutions.",By escalating the conflict to upper management for resolution.,Incorrect: The Scrum Master should help the team resolve conflicts internally without escalation.,By assigning team members roles to avoid conflicts in the future.,Incorrect: The Scrum Team is self-organizing and manages roles independently.,,,,,1
Which of the following is a key leadership quality of a Scrum Master?,"A key leadership quality of a Scrum Master is servant leadership, focusing on the needs of the team to ensure its success. <i>'Scrum Masters are true leaders who serve the Scrum Team.' (Scrum Guide 2020, p. 7)</i>",S,PSM-II,Leadership and Influence,Authoritative decision-making.,Incorrect: The Scrum Master does not make authoritative decisions but leads through facilitation and influence.,"Servant leadership, where they focus on the needs of the team.",Correct: A Scrum Master demonstrates servant leadership by focusing on the needs of the team to help them succeed.,Setting the team’s goals and deadlines.,Incorrect: The team is self-organizing and sets its own goals with the Product Owner.,Evaluating team performance based on individual contributions.,Incorrect: The Scrum Master does not evaluate team performance; the team works as a unit.,,,,,2
How can a Scrum Master address conflicting priorities across multiple Scrum Teams?,"The Scrum Master helps resolve conflicting priorities by facilitating discussions between the Product Owners of each team to align priorities. <i>'The Product Owner is responsible for managing the Product Backlog, and the Scrum Master facilitates alignment in multi-team environments.' (Scrum Guide 2020, p. 7)</i>",S,PSM-II,Scrum in Complex Environments,By facilitating discussions between the Product Owners of each team to align priorities and resolve conflicts.,Correct: The Scrum Master helps resolve conflicting priorities by facilitating discussions between Product Owners to ensure alignment.,By assigning tasks to each team based on the most urgent priority.,"Incorrect: Scrum Teams are self-organizing, and the Scrum Master does not assign tasks.",By enforcing a priority list that all teams must follow.,"Incorrect: The Scrum Master facilitates alignment through discussions, not by enforcing priorities.",By escalating the priority conflict to upper management for resolution.,"Incorrect: The Scrum Master resolves priority conflicts through facilitation, not escalation.",,,,,1
How should a Scrum Master support cross-team communication in a complex environment?,"The Scrum Master supports cross-team communication by facilitating regular Scrum of Scrums, which allows teams to synchronize their efforts and address cross-team issues. <i>'Scrum of Scrums is an effective event to promote communication in complex environments.' (Scrum Guide 2020, p. 7)</i>",S,PSM-II,Scrum in Complex Environments,By facilitating regular Scrum of Scrums to ensure teams communicate and collaborate effectively.,Correct: Scrum of Scrums enables teams to synchronize their efforts and address cross-team issues.,By assigning communication roles to specific team members to manage interactions.,Incorrect: Scrum Teams are self-organizing and manage their own communication.,By enforcing a communication plan that all teams must follow to ensure alignment.,Incorrect: The Scrum Master facilitates communication but does not enforce strict plans.,By escalating communication issues to upper management for resolution.,"Incorrect: The Scrum Master resolves communication issues through facilitation, not escalation.",,,,,1
What should a Scrum Master do when teams working on the same product encounter conflicting priorities?,"The Scrum Master resolves conflicting priorities by facilitating discussions between the Product Owners to align goals and ensure collaboration. <i>'The Product Owner is responsible for managing the Product Backlog and prioritization.' (Scrum Guide 2020, p. 6)</i>",S,PSM-II,Scrum in Complex Environments,By facilitating discussions between the Product Owners of the teams to align priorities and ensure collaboration.,Correct: The Scrum Master facilitates discussions between Product Owners to resolve conflicts and align priorities.,By enforcing a strict priority list that each team must follow to avoid conflicts.,"Incorrect: Scrum encourages flexibility, and the Scrum Master facilitates alignment rather than enforcing rules.",By escalating the conflict to upper management for a decision on which priorities should take precedence.,"Incorrect: The Scrum Master resolves priority conflicts through facilitation, not escalation.",By assigning tasks to each team based on the most critical priorities identified by stakeholders.,"Incorrect: Scrum Teams are self-organizing, and the Scrum Master does not assign tasks.",,,,,1
What is the best way to ensure quality and consistency when multiple teams are working on the same product?,"All teams should share the same Definition of Done to ensure consistent quality across the product. <i>'Teams working on the same product must share a common Definition of Done.' (Scrum Guide 2020, p. 7)</i>",S,PSM-II,Scrum in Complex Environments,Each team should define their own Definition of Done to match their specific work and skills.,Incorrect: Teams working on the same product should have a shared Definition of Done to ensure consistency.,All teams should share the same Definition of Done to maintain a consistent level of quality across the product.,Correct: A shared Definition of Done ensures consistency in the quality of the increments delivered by all teams.,Each team should set its own Definition of Ready to manage different work styles across the teams.,"Incorrect: The focus should be on a shared Definition of Done for product quality, not differing Definitions of Ready.",Teams should adjust their Definition of Done throughout the Sprint to ensure flexibility.,Incorrect: The Definition of Done should not change mid-Sprint; it ensures quality is maintained consistently.,,,,,2
"Two Scrum Teams working on the same product are struggling to synchronize their work. One team frequently completes their tasks ahead of the other, causing misalignment in delivery. What is the most appropriate action for the Scrum Master?","The Scrum Master should facilitate synchronization events like a Scrum of Scrums to improve communication, alignment, and progress between the teams. <i>'Scrum of Scrums is an event where multiple teams work together on a single product, helping to synchronize their work.' (Scrum Guide 2020, p. 7)</i>",S,PSM-II,Scrum in Complex Environments,Facilitate a Scrum of Scrums or other synchronization events to improve communication and alignment between the teams.,Correct: A Scrum of Scrums or similar event can help the teams synchronize their efforts and align on progress and dependencies.,Ask the faster team to slow down to match the pace of the other team and avoid misalignment.,"Incorrect: Teams should aim for synchronization through communication, not by slowing down faster teams.",Encourage both teams to work independently and focus on their own progress without worrying about synchronization.,"Incorrect: In complex environments, synchronization is key to managing dependencies and delivering coherent increments.",Tell the teams to escalate their misalignment issues to the Product Owner to adjust their priorities.,"Incorrect: The Scrum Master should help facilitate alignment through synchronization, not escalate issues unnecessarily.",,,,,1
A product is being developed by several Scrum Teams working concurrently. The Product Owner is having difficulty managing the Product Backlog because the teams often have different priorities. How can the Scrum Master best assist in this situation?,"The Scrum Master should facilitate a joint refinement session to align the teams and the Product Owner on shared priorities in the Product Backlog. <i>'The Product Backlog is an emergent, ordered list of what is needed to improve the product.' (Scrum Guide 2020, p. 12)</i>",S,PSM-II,Scrum in Complex Environments,Facilitate a joint refinement session where all teams and the Product Owner can align on the most important items in the Product Backlog.,Correct: Joint refinement sessions help ensure that all teams are aligned on the priorities and that the Product Owner manages the Backlog effectively.,Ask the Product Owner to split the Product Backlog into separate backlogs for each team to manage their own priorities.,"Incorrect: There should be a single Product Backlog for the product, even in multi-team environments, to maintain alignment on priorities.",Encourage each team to focus only on their assigned tasks and avoid considering other teams' priorities.,"Incorrect: All teams should be aligned on the Product Goal and work towards shared priorities, not in isolation.","Tell the Product Owner to enforce a strict priority list for all teams to follow, regardless of their individual challenges.","Incorrect: The Product Owner should work collaboratively with the teams to prioritize the Backlog, not enforce a strict list.",,,,,1
What is the most effective way for a Scrum Master to manage dependencies between multiple Scrum Teams?,"The Scrum Master facilitates coordination between Scrum Teams by organizing regular meetings to address and manage dependencies effectively. <i>'The Scrum Master helps ensure the Scrum Teams collaborate and manage dependencies effectively.' (Scrum Guide 2020, p. 7)</i>",S,PSM-II,Scrum in Complex Environments,By facilitating regular coordination meetings where teams can identify and address dependencies.,Correct: The Scrum Master helps manage dependencies by facilitating coordination meetings where teams can address cross-team dependencies.,By assigning tasks to the teams to manage their dependencies.,"Incorrect: Scrum Teams are self-organizing, and the Scrum Master does not assign tasks.",By enforcing a strict process to manage dependencies between the teams.,"Incorrect: The Scrum Master facilitates discussions and collaboration, not strict processes.",By escalating unresolved dependencies to upper management.,"Incorrect: The Scrum Master helps resolve dependency issues through facilitation, not escalation.",,,,,1
What should a Scrum Master prioritize during a Sprint Retrospective?,"The Scrum Master facilitates the Sprint Retrospective to help the team reflect on their processes and identify improvements. <i>'The Sprint Retrospective is held to plan ways to increase quality and effectiveness.' (Scrum Guide 2020, p. 11)</i>",S,PSM-II,Team Facilitation and Coaching,Assigning specific tasks for the next Sprint to improve efficiency.,Incorrect: The Scrum Team is self-organizing and assigns its own tasks.,Helping the team reflect on their processes and identify areas for improvement.,Correct: The Scrum Master facilitates Retrospectives to help the team reflect on their work and identify improvements.,Escalating team issues to upper management for quick resolution.,Incorrect: The Scrum Master should help the team resolve issues internally.,Preventing any discussions of failures to maintain morale.,Incorrect: Discussing failures is crucial for continuous improvement.,,,,,2
"A Scrum Team is working well together, but they are not pushing themselves to innovate or try new approaches. The Product Owner is satisfied with the output but wants the team to experiment more. How can the Scrum Master encourage this behavior?","The Scrum Master should coach the team on the value of continuous improvement and experimentation to encourage innovation. <i>'The Scrum Master helps the Scrum Team improve its practices, within the Scrum framework.' (Scrum Guide 2020, p. 7)</i>",S,PSM-II,Team Facilitation and Coaching,"Coach the team to embrace continuous improvement and experimentation, even if they are meeting their current commitments.",Correct: The Scrum Master should encourage the team to continuously improve and experiment with new approaches to enhance their performance.,"Tell the team to continue working as they are, since they are meeting the Product Owner’s expectations.","Incorrect: Even if the team is performing well, the Scrum Master should encourage experimentation and continuous improvement.",Ask the Product Owner to create more challenging Sprint Goals to push the team outside of their comfort zone.,"Incorrect: Sprint Goals should be aligned with delivering value, and the Scrum Master should encourage the team to experiment through their own initiatives.",Encourage the team to deliver features faster to create more opportunities for experimentation.,"Incorrect: The focus should be on fostering innovation and continuous improvement, not simply speeding up delivery.",,,,,1
"During a Sprint, the Development Team is struggling to collaborate effectively, leading to delays. What is the best approach for the Scrum Master?","The Scrum Master should focus on facilitating workshops or discussions to improve collaboration within the team, rather than taking over tasks or assigning them. <i>'The Scrum Master helps the Scrum Team improve its practices within the Scrum framework.' (Scrum Guide 2020, p. 7)</i>",S,PSM-II,Team Facilitation and Coaching,Assign tasks to the team members to help them work more efficiently.,Incorrect: The Scrum Master does not assign tasks; the team is self-organizing.,Facilitate a workshop to improve team collaboration and communication skills.,Correct: The Scrum Master should focus on improving collaboration by facilitating team discussions and training.,Encourage the team to work harder to meet the Sprint Goal.,Incorrect: Pushing the team to work harder can lead to burnout and may not solve the underlying issues.,Take over some of the tasks to help the team finish on time.,Incorrect: The Scrum Master does not take over tasks; the team should remain self-organized.,,,,,2
What is a key aspect of the Scrum Master’s role in coaching the Product Owner?,"The Scrum Master coaches the Product Owner in effective communication and stakeholder management to maximize product value. <i>'The Scrum Master helps the Product Owner find techniques for effective Product Backlog management.' (Scrum Guide 2020, p. 7)</i>",S,PSM-II,Team Facilitation and Coaching,Taking control of Product Backlog prioritization to ensure the most important tasks are addressed.,Incorrect: The Product Owner is responsible for managing and prioritizing the Product Backlog.,Helping the Product Owner understand how to effectively communicate with stakeholders and manage expectations.,Correct: The Scrum Master coaches the Product Owner in communication and stakeholder management to maximize value.,Managing the Development Team’s tasks to help the Product Owner meet deadlines.,"Incorrect: The Development Team is self-managing, and the Product Owner collaborates with them to maximize value.",Enforcing the Product Owner’s decisions on the Development Team without question.,Incorrect: Collaboration and communication are essential between the Product Owner and the Development Team.,,,,,2
What is the most effective way for a Scrum Master to encourage team autonomy?,"The Scrum Master encourages team autonomy by fostering collective decision-making and ownership of the team's work. <i>'The Scrum Master serves the Scrum Team by coaching it in self-management and cross-functionality.' (Scrum Guide 2020, p. 7)</i>",S,PSM-II,Team Facilitation and Coaching,By assigning roles and tasks based on each team member's strengths.,Incorrect: The Scrum Team is self-organizing and assigns roles and tasks without external direction.,By encouraging the team to make decisions collectively and take ownership of their work.,Correct: Encouraging collective decision-making and ownership fosters autonomy in the Scrum Team.,By dictating the team's decisions to ensure alignment with the Sprint Goal.,Incorrect: The Scrum Team is responsible for making decisions to achieve the Sprint Goal without external direction.,By escalating all issues to upper management for swift resolution.,"Incorrect: The Scrum Team should be encouraged to resolve issues independently, with the Scrum Master’s support.",,,,,2
What is the role of the Scrum Master during the Sprint Retrospective? (Choose the best answer),"The Scrum Master ensures the Retrospective is effective by facilitating the team’s reflection and self-improvement. <i>The Scrum Guide 2020</i> says, 'The Scrum Master serves the Scrum Team by facilitating Scrum events as requested or needed.'",S,PSM-II,Team Facilitation and Coaching,To provide direct solutions to the team’s challenges.,Incorrect: The Scrum Master should not give direct solutions but facilitate the team in identifying their own.,To facilitate the discussion and ensure that improvements are identified and actionable.,"Correct: The Scrum Master facilitates the Sprint Retrospective, ensuring the team reflects and improves.",To assign action items to the Development Team for the next Sprint.,Incorrect: The team should self-organize to determine their own improvements.,To evaluate the team’s performance and give feedback.,Incorrect: The Scrum Master facilitates rather than evaluates the team.,,,,,2
What should a Scrum Master focus on when coaching the Product Owner?,"The Scrum Master supports the Product Owner by coaching them on effective communication and stakeholder management. <i>'The Scrum Master helps the Product Owner find techniques for effective Product Backlog management.' (Scrum Guide 2020, p. 7)</i>",S,PSM-II,Team Facilitation and Coaching,Helping the Product Owner prioritize tasks for the Development Team.,"Incorrect: The Product Owner prioritizes the Product Backlog, but the Development Team self-organizes their tasks.",Ensuring the Product Owner effectively communicates with stakeholders and manages their expectations.,Correct: The Scrum Master helps the Product Owner improve communication with stakeholders and manage their expectations.,Taking over Product Backlog refinement to ensure alignment with the team.,"Incorrect: The Product Owner is responsible for managing the Product Backlog, not the Scrum Master.",Assigning tasks to the Development Team to improve efficiency.,Incorrect: The Development Team is self-organizing and does not receive task assignments from the Product Owner.,,,,,2
How should a Scrum Master respond when stakeholders try to influence the Scrum Team’s progress mid-Sprint? (Choose the best answer),"The Scrum Master should ensure that stakeholders provide feedback at the appropriate time, primarily during the Sprint Review. This is essential for maintaining the team’s focus on the Sprint Goal and avoiding disruptions to the Sprint. Stakeholders’ feedback during the Sprint Review allows the team to inspect the Increment and make necessary adaptations for the future. <i>'The Product Owner may invite key stakeholders to the Sprint Review to collaborate on the review of the Increment.' (Scrum Guide 2020, p. 9)</i>",S,PSM-II,Team Facilitation and Coaching,Allow the stakeholders to provide feedback during the Sprint.,"Incorrect: Stakeholders provide feedback primarily in the Sprint Review, not during the Sprint.",Ensure that the stakeholders wait for the Sprint Review to share feedback.,Correct: Stakeholders should give feedback in the Sprint Review to inspect and adapt the Increment.,Invite stakeholders to the Daily Scrum to voice their concerns.,Incorrect: The Daily Scrum is for the Development Team to plan its work and should not include stakeholders.,Update the Product Backlog immediately based on stakeholder feedback during the Sprint.,"Incorrect: Changes to the Product Backlog should be discussed with the Product Owner, not made immediately during the Sprint.",,,,,2
A Development Team is halfway through a Sprint when they realize that they are working on a solution that might not meet the Product Owner’s expectations. They are unsure how to proceed. What should the Scrum Master advise the team to do?,"The Scrum Master should help facilitate communication between the team and the Product Owner to ensure that the work aligns with expectations. <i>'If the work turns out to be different than expected, the Developers collaborate with the Product Owner to negotiate the scope of the Sprint Backlog.' (Scrum Guide 2020, p. 10)</i>",S,PSM-II,Understanding Scrum Fundamentals,Facilitate a discussion between the team and the Product Owner to clarify expectations and ensure alignment with the Sprint Goal.,Correct: The Scrum Master should help the team clarify expectations with the Product Owner to ensure they are aligned on the work.,Encourage the team to continue working on the solution and wait for the Product Owner’s feedback at the Sprint Review.,"Incorrect: The team should seek clarification from the Product Owner during the Sprint, not wait for feedback at the end.",Ask the team to stop work on the current solution and start a new one that they think will better meet expectations.,Incorrect: The team should clarify the expectations before deciding to change direction.,Ask the team to add new tasks to the Sprint Backlog to accommodate potential changes.,Incorrect: Any changes should be discussed with the Product Owner and aligned with the Sprint Goal before adding new tasks.,,,,,1
"During a Sprint Retrospective, the team identifies several improvements but struggles to implement them in the next Sprint. How can the Scrum Master help?","The Scrum Master can help the team focus on implementing a manageable number of improvements in the next Sprint, fostering continuous improvement. <i>'The Scrum Team plans ways to increase quality and effectiveness.' (Scrum Guide 2020, p. 11)</i>",S,PSM-II,Understanding Scrum Fundamentals,Take responsibility for implementing the improvements on behalf of the team.,Incorrect: The Scrum Master should not take over work; the team is self-organizing.,Encourage the team to choose one or two improvements to focus on implementing in the next Sprint.,Correct: The Scrum Master can help the team by encouraging them to prioritize and focus on a manageable number of improvements.,Tell the team to stop focusing on improvements and concentrate solely on their work.,"Incorrect: Continuous improvement is a core principle of Scrum, and the team should always aim to improve.",Add the improvements to the Product Backlog for future Sprints.,"Incorrect: Improvements should be part of the team’s process, not the Product Backlog.",,,,,2
How does Scrum encourage the team to focus on delivering value?,"Scrum promotes value delivery by focusing on the Sprint Goal and ensuring the team works toward it, adjusting as necessary. <i>'The Sprint Goal is the single objective for the Sprint.' (Scrum Guide 2020, p. 10)</i>",S,PSM-II,Understanding Scrum Fundamentals,By promoting a clear focus on the Sprint Goal and ensuring that the team works toward it during the Sprint.,Correct: Scrum emphasizes focusing on the Sprint Goal to ensure the team delivers value each Sprint.,By assigning tasks to team members based on their skill sets.,"Incorrect: The Scrum Team is self-organizing and assigns tasks collaboratively, not based on assignment.",By enforcing a strict plan that the team must follow to deliver value.,"Incorrect: Scrum promotes flexibility and adaptability, not strict adherence to a plan.",By having the Scrum Master track the team's progress daily.,Incorrect: The Scrum Master facilitates the process but does not track progress on behalf of the team.,,,,,1
What is the importance of empiricism in Scrum?,"Empiricism is a core principle of Scrum, where teams make decisions based on evidence and adjust their approach as they gather new information. <i>'Scrum is founded on empirical process control theory, or empiricism.' (Scrum Guide 2020, p. 4)</i>",S,PSM-II,Understanding Scrum Fundamentals,"Empiricism allows teams to make decisions based on experience and data, adjusting their approach as they learn more.","Correct: Empiricism ensures that teams make informed decisions based on evidence, experience, and adaptation.",It ensures that the Scrum Master makes all final decisions for the team.,"Incorrect: Scrum Teams are self-organizing, and decisions are made collaboratively based on empirical data.",It provides a way for the Product Owner to measure the value delivered by the team.,"Incorrect: Empiricism guides decision-making based on experience, but value measurement is a different aspect managed by the Product Owner.",It requires the team to follow a strict plan that cannot be changed.,"Incorrect: Empiricism encourages adaptability and flexibility, not rigid adherence to a plan.",,,,,1
What is the purpose of Scrum artifacts in ensuring transparency?,"Scrum artifacts, such as the Product Backlog, Sprint Backlog, and Increment, ensure that key aspects of the work are visible to the Scrum Team and stakeholders. <i>'Scrum’s artifacts represent work or value to provide transparency and opportunities for inspection and adaptation.' (Scrum Guide 2020, p. 8)</i>",S,PSM-II,Understanding Scrum Fundamentals,Scrum artifacts ensure that key aspects of the work are visible and transparent to all stakeholders and the team.,Correct: Scrum artifacts like the Product Backlog and Sprint Backlog ensure visibility and transparency of key aspects of the work.,They provide tools for the Scrum Master to monitor and report on the team’s progress.,"Incorrect: Scrum artifacts are for transparency and communication, not for monitoring and reporting.",They assign responsibility for work to specific team members.,Incorrect: Scrum artifacts do not assign responsibilities; Scrum Teams are self-organizing.,They help the Product Owner assign tasks and measure team performance.,"Incorrect: Scrum artifacts promote transparency, not task assignment or performance measurement.",,,,,1
Why is it essential for the Scrum Team to adhere to a single Definition of Done?,"A single Definition of Done ensures that all work meets consistent quality standards and delivers value to stakeholders. <i>'When a Product Backlog item or an Increment is described as 'Done,' everyone must understand what 'Done' means.' (Scrum Guide 2020, p. 6)</i>",S,PSM-II,Understanding Scrum Fundamentals,It ensures the team delivers value to stakeholders consistently and at a high level of quality.,Correct: A single Definition of Done ensures that increments meet quality standards and provide value.,It helps the Product Owner manage the Product Backlog more efficiently.,"Incorrect: The Definition of Done focuses on quality, not backlog management.",It allows the Scrum Master to track progress and ensure deadlines are met.,Incorrect: The Scrum Master does not use the Definition of Done to track progress; it's for ensuring quality.,It ensures that the Development Team can complete all tasks within the Sprint.,"Incorrect: The Definition of Done is about quality and completeness of work, not about completing all tasks.",,,,,1
The Development Team completes their work early and has extra time left in the Sprint. What should the Scrum Master do?,"The Scrum Master should encourage the team to focus on improving processes or refining the Definition of Done when they complete their work early. <i>'The Scrum Team continually improves, adjusts, and refines the Definition of Done.' (Scrum Guide 2020, p. 12)</i>",S,PSM-II,Understanding Scrum Fundamentals,Encourage the team to add more items from the Product Backlog to fill the time.,Incorrect: New work should not be added to the Sprint once the Sprint Goal is set.,Facilitate a discussion on improving the Definition of Done or refining work processes.,Correct: The Scrum Master can help the team focus on improving their processes or refining the Definition of Done when they finish early.,Allow the team to end the Sprint early and start planning for the next one.,Incorrect: The Sprint duration is time-boxed and should not be shortened.,Ask the Product Owner to assign more tasks to the team.,"Incorrect: The Product Owner does not assign tasks mid-Sprint, and the team should focus on their current commitments.",,,,,2
"Midway through a Sprint, the Development Team discovers that they have overestimated their capacity and will likely complete all the Sprint Backlog items early. How should the Scrum Master handle this?","The Scrum Master should encourage the team to use the extra time to refine processes or improve the Definition of Done, promoting continuous improvement. <i>'Scrum Teams continuously improve their processes and practices.' (Scrum Guide 2020, p. 12)</i>",S,PSM-II,Understanding Scrum Fundamentals,Ask the Product Owner to add more Product Backlog items to fill the remaining time in the Sprint.,Incorrect: The Product Backlog should not be modified mid-Sprint without proper planning.,Encourage the Development Team to use the extra time to improve processes or refine the Definition of Done.,Correct: The Scrum Master should help the team use the extra time to focus on continuous improvement and refinement of processes.,End the Sprint early and begin planning the next one immediately.,Incorrect: Sprints are time-boxed and should not be ended early.,Ask the Development Team to slow down and focus on quality over speed for the remaining time.,Incorrect: The team should maintain their usual pace and focus on improvements rather than artificially slowing down.,,,,,2
True or False: The Scrum Master can delegate the facilitation of the Sprint Retrospective to the Product Owner if they believe the team will benefit from a different perspective.,"The Scrum Master is responsible for ensuring the Sprint Retrospective is productive and should not delegate this responsibility. <i>'The Scrum Master ensures that Scrum events are productive, including the Retrospective.' (Scrum Guide 2020, p. 13)</i>",S,PSM-II,Team Facilitation and Coaching,False,Correct: The Scrum Master is responsible for facilitating the Sprint Retrospective and should not delegate this role to the Product Owner.,True,"Incorrect: The Scrum Master is always responsible for facilitating the Sprint Retrospective, and delegation would undermine their role.",,,,,,,,,1
"The Development Team has frequent conflicts during Sprint Planning, leading to delays in starting work. How should the Scrum Master address this? (Choose the three best answers)","The Scrum Master should facilitate a Retrospective to address team dynamics, coach the team on conflict resolution, and encourage them to experiment with different decision-making approaches to improve their collaboration. <i>'The Scrum Master helps the Scrum Team improve its practices within the Scrum framework.' (Scrum Guide 2020, p. 7)</i>",M,PSM-II,Team Facilitation and Coaching,Facilitate a Retrospective focused on team dynamics and collaboration.,Correct: The Scrum Master should help the team reflect on their dynamics during the Retrospective to improve collaboration.,Step in and resolve the conflicts to speed up Sprint Planning.,Incorrect: The Scrum Master should not make decisions for the team but facilitate conflict resolution.,Coach the team on techniques for resolving conflicts and reaching consensus.,Correct: The Scrum Master should coach the team on conflict resolution and decision-making techniques.,"Encourage the team to experiment with different decision-making approaches, such as consensus or voting.",Correct: The Scrum Master can help the team explore different ways to reach decisions effectively.,"Ignore the conflicts, as the team will eventually figure it out on their own.",Incorrect: The Scrum Master should actively support the team in resolving conflicts to avoid delays.,,,"1,3,4"
